_id,ownerId,name,description,rating,image,address,category,dateCreated,slug,numberOfRating,status,province,minPrice,latitude,longitude,__v,caategory,product_id
6704f3650722c4f99305dc5d,6729d0e8dda9481629a2a2e9,Khách sạn Hương Việt,"Nhà hàng phục vụ các món ăn truyền thống Việt Nam, không gian ấm cúng.",3.8,"[{'url': 'https://res.cloudinary.com/dzy4gcw1k/image/upload/v1735586344/travel-social/file-1735586315301-3_%20%281%29.jpg.jpg', 'publicId': 'travel-social/file-1735586315301-3_ (1).jpg'}, {'url': 'https://res.cloudinary.com/dzy4gcw1k/image/upload/v1735581647/travel-social/file-1735581614030-ystallonne-alves-U_g9ZCqKAPA-unsplash.jpg.jpg', 'publicId': 'travel-social/file-1735586315301-3_ (1).jpg'}]","123 Đường Trần Hưng Đạo, TP.HCM","{'id': 'hotel', 'name': 'khách sạn'}",2024-10-08T10:00:00,nha-hang-huong-viet-123-uong-tran-hung-ao-tphcm,11.0,active,TP.HCM,300000.0,10.776889,106.700806,,,6704f3650722c4f99305dc5d
6704f3650722c4f99305dc5e,6704df9d3d81e2f463846c21,Khách Sạn Biển Xanh,Khách sạn ven biển với phòng nghỉ sang trọng và dịch vụ tuyệt vời.,4.0,[{'url': 'https://res.cloudinary.com/dzy4gcw1k/image/upload/v1735585013/travel-social/file-1735584983393-simply-mersah-f9VRmJ-eAik-unsplash.jpg.jpg'}],"456 Đường Biển, Nha Trang","{'id': 'hotel', 'name': 'Nhà hàng'}",2024-10-08T10:00:00,khach-san-bien-xanh-456-uong-bien-nha-trang,,active,Khánh Hòa,200000.0,12.2451,109.1943,,,6704f3650722c4f99305dc5e
6704f3650722c4f99305dc5f,6704df9d3d81e2f463846c27,Quán Cafe Sáng Tạo,"Quán cafe với không gian sáng tạo, lý tưởng cho làm việc và gặp gỡ bạn bè.",3.7,"[{'url': 'https://res.cloudinary.com/dzy4gcw1k/image/upload/v1735585136/travel-social/file-1735585106495-pew-nguyen-3sXuWhKZVeg-unsplash.jpg.jpg', 'publicId': 'travel-social/file-1735585106495-pew-nguyen-3sXuWhKZVeg-unsplash.jpg'}]","789 Đường Lê Văn Sỹ, Hà Nội","{'id': 'hotel', 'name': 'Khách sạn'}",2024-10-08T10:00:00,quan-cafe-sang-tao-789-uong-le-van-sy-ha-noi,11.0,active,Hà Nội,200000.0,21.028511,105.804817,,,6704f3650722c4f99305dc5f
6704f3650722c4f99305dc60,6704df9d3d81e2f463846c21,Khách sạn Phố Cổ,"Nhà hàng với các món ăn đặc sản miền Bắc, không gian trang nhã.",4.0,[{'url': 'https://res.cloudinary.com/dzy4gcw1k/image/upload/v1735585010/travel-social/file-1735584979636-alka-jha-lOxVZQc0W0U-unsplash.jpg.jpg'}],"321 Đường Hàng Bông, Hà Nội","{'id': 'hotel', 'name': 'Nhà hàng'}",2024-10-08T10:00:00,nha-hang-pho-co-321-uong-hang-bong-ha-noi,,active,Hà Nội,260000.0,21.0251,105.8421,,,6704f3650722c4f99305dc60
6704f3650722c4f99305dc61,6704df9d3d81e2f463846c27,Khách Sạn Mặt Trời,Khách sạn cao cấp với dịch vụ spa và hồ bơi sang trọng.,5.0,[{'url': 'https://res.cloudinary.com/dzy4gcw1k/image/upload/v1735585018/travel-social/file-1735584986518-tu-tran-anh-zfJ0U9MhTUA-unsplash.jpg.jpg'}],"654 Đường Nguyễn Văn Linh, Đà Nẵng","{'id': 'hotel', 'name': 'Khách sạn'}",2024-10-08T10:00:00,khach-san-mat-troi-654-uong-nguyen-van-linh-a-nang,,active,Đà Nẵng,400000.0,16.0544,108.2022,,,6704f3650722c4f99305dc61
6704f3650722c4f99305dc62,6704df9d3d81e2f463846c21,Khách Sạn Bên Sông,"Quán cafe yên tĩnh bên sông, lý tưởng để thư giãn và đọc sách.",4.0,"[{'url': 'https://res.cloudinary.com/dzy4gcw1k/image/upload/v1735586343/travel-social/file-1735586316946-5_.jpg.jpg', 'publicId': 'travel-social/file-1735586316946-5_.jpg'}]","135 Đường Bến Vân Đồn, TP.HCM","{'id': 'coffee-shop', 'name': 'Quán cafe'}",2024-10-08T10:00:00,cafe-ben-song-135-uong-ben-van-on-tphcm,2.0,active,,,,,,,6704f3650722c4f99305dc62
6719247c456a0d466dc2be77,671917a9dba9bb66474be6f4,Nhà nghỉ six,"Quán cafe với không gian sáng tạo, lý tưởng cho làm việc và gặp gỡ bạn…",0.0,"[{'url': 'https://res.cloudinary.com/dzy4gcw1k/image/upload/v1735586343/travel-social/file-1735586313501-1_%20%281%29.jpg.jpg', 'publicId': 'travel-social/file-1735586313501-1_ (1).jpg'}]","789 Đường Lê Văn Sỹ, Hà Nội","{'id': 'guest home', 'cateName': 'Quán cafe'}",2024-10-23 16:29:48.970000,six-coffee-789-uong-le-van-sy-ha-noi,,active,,,,,0.0,,6719247c456a0d466dc2be77
671a0ba18d9d58d19294038e,671a02c2c0202050e0969548,Seven homestay,"Quán cafe với không gian sáng tạo, lý tưởng cho làm việc và gặp gỡ bạn…",0.0,[{'url': 'https://res.cloudinary.com/dzy4gcw1k/image/upload/v1735585076/travel-social/file-1735585049949-simply-mersah-EwDEw-k3WAA-unsplash.jpg.jpg'}],"789 Đường Lê Văn Sỹ, Hà Nội","{'id': 'homestay', 'cateName': 'Quán cafe'}",2024-10-24 08:56:01.144000,seven-coffee-789-uong-le-van-sy-ha-noi,,inactive,,,,,0.0,,671a0ba18d9d58d19294038e
671a54ec375ff5b847a3bfa3,671a02c2c0202050e0969548,Eight homestay,"Quán cafe với không gian sáng tạo, lý tưởng cho làm việc và gặp gỡ bạn…",0.0,[{'url': 'https://res.cloudinary.com/dzy4gcw1k/image/upload/v1735584858/travel-social/file-1735584828299-simply-mersah-f9VRmJ-eAik-unsplash.jpg.jpg'}],"789 Đường Lê Văn Sỹ, Hà Nội","{'id': 'homestay', 'cateName': 'Quán cafe'}",2024-10-24 14:08:44.203000,eight-coffee-789-uong-le-van-sy-ha-noi,,rejected,,,,,0.0,,671a54ec375ff5b847a3bfa3
675ab04f588fc87127bb5bad,671a02c2c0202050e0969548,Nine homestay,"Quán cafe với không gian sáng tạo, lý tưởng cho làm việc và gặp gỡ bạn…",0.0,{'url': 'https://res.cloudinary.com/dzy4gcw1k/image/upload/v1735585018/travel-social/file-1735584990954-simply-mersah-EwDEw-k3WAA-unsplash%20-%20Copy.jpg.jpg'},"789 Đường Lê Văn Sỹ, Hà Nội","{'id': 'homestay', 'cateName': 'Quán cafe'}",2024-12-12 09:43:43.237000,nine-coffee-789-uong-le-van-sy-ha-noi,,active,,,,,0.0,,675ab04f588fc87127bb5bad
676058e12bea02c539ee9798,671a02c2c0202050e0969548,"""Khách sạn Thanh Xuân""",,0.0,[],"""Làng Đại học""",{'id': 'hotel'},2024-12-16 16:44:17.891000,khach-san-thanh-xuan-lang-ai-hoc,,active,,,,,0.0,,676058e12bea02c539ee9798
6772de73d9ed3a046ab7d112,671a02c2c0202050e0969548,Nhà Nghỉ Quỳnh Như cơ sở 1,"Chào mừng bạn đến với Khách sạn Harmony, nơi mà sự sang trọng gặp gỡ sự thoải mái. Tọa lạc ngay trung tâm thành phố, khách sạn của chúng tôi mang đến cho bạn tầm nhìn tuyệt đẹp ra khung cảnh đô thị nhộn nhịp.

Dịch Vụ và Tiện Ích:
Phòng Nghỉ Sang Trọng: Các phòng được thiết kế tinh tế, trang bị TV màn hình phẳng, minibar, và Wi-Fi miễn phí.
Nhà Hàng Đẳng Cấp: Phục vụ các món ăn đa dạng từ ẩm thực địa phương đến quốc tế, với thực đơn thay đổi hàng ngày.
Hồ Bơi Ngoài Trời: Khu vực hồ bơi thư giãn, lý tưởng cho những ngày nắng.
Dịch Vụ Spa: Các liệu trình chăm sóc sức khỏe và sắc đẹp, giúp bạn thư giãn và phục hồi năng lượng.
Phòng Tập Gym: Trang bị hiện đại, mở cửa 24/7, giúp bạn duy trì thói quen tập luyện.
Dịch Vụ Đặt Tour: Hỗ trợ lên kế hoạch cho các chuyến tham quan và khám phá địa phương.
Đưa Đón Sân Bay: Dịch vụ đưa đón thuận tiện, giúp bạn tiết kiệm thời gian.
Khu Vực Họp và Tiệc: Không gian linh hoạt cho các sự kiện và hội nghị, trang bị đầy đủ thiết bị hiện đại.
Khách sạn Harmony chắc chắn sẽ là điểm dừng chân lý tưởng cho chuyến đi của bạn.",0.0,"[{'url': 'https://res.cloudinary.com/dzy4gcw1k/image/upload/v1735581318/travel-social/file-1735581288189-nichlas-andersen-ZFXrgzHu1KU-unsplash.jpg.jpg', 'publicId': 'travel-social/file-1735581288189-nichlas-andersen-ZFXrgzHu1KU-unsplash.jpg', '_id': ObjectId('6772de73d9ed3a046ab7d113')}, {'url': 'https://res.cloudinary.com/dzy4gcw1k/image/upload/v1735581324/travel-social/file-1735581292055-ystallonne-alves-U_g9ZCqKAPA-unsplash.jpg.jpg', 'publicId': 'travel-social/file-1735581292055-ystallonne-alves-U_g9ZCqKAPA-unsplash.jpg', '_id': ObjectId('6772de73d9ed3a046ab7d114')}]","Đường 30/4. Thị Trấn Đạ Tẻh. Huyện Đạ Tẻh. Tỉnh Lâm Đồng, Thị trấn Đạ Tẻh, Huyện Đạ Tẻh, Lâm Đồng",{'id': 'guest home'},2024-12-30 17:54:59.542000,,0.0,active,,,,,0.0,,6772de73d9ed3a046ab7d112
6772df5ad9ed3a046ab7d117,671a02c2c0202050e0969548,Nhà nghỉ Anh Huy,"Chào mừng bạn đến với Khách sạn Harmony, nơi mà sự sang trọng gặp gỡ sự thoải mái. Tọa lạc ngay trung tâm thành phố, khách sạn của chúng tôi mang đến cho bạn tầm nhìn tuyệt đẹp ra khung cảnh đô thị nhộn nhịp.

Dịch Vụ và Tiện Ích:
Phòng Nghỉ Sang Trọng: Các phòng được thiết kế tinh tế, trang bị TV màn hình phẳng, minibar, và Wi-Fi miễn phí.
Nhà Hàng Đẳng Cấp: Phục vụ các món ăn đa dạng từ ẩm thực địa phương đến quốc tế, với thực đơn thay đổi hàng ngày.
Hồ Bơi Ngoài Trời: Khu vực hồ bơi thư giãn, lý tưởng cho những ngày nắng.
Dịch Vụ Spa: Các liệu trình chăm sóc sức khỏe và sắc đẹp, giúp bạn thư giãn và phục hồi năng lượng.
Phòng Tập Gym: Trang bị hiện đại, mở cửa 24/7, giúp bạn duy trì thói quen tập luyện.
Dịch Vụ Đặt Tour: Hỗ trợ lên kế hoạch cho các chuyến tham quan và khám phá địa phương.
Đưa Đón Sân Bay: Dịch vụ đưa đón thuận tiện, giúp bạn tiết kiệm thời gian.
Khu Vực Họp và Tiệc: Không gian linh hoạt cho các sự kiện và hội nghị, trang bị đầy đủ thiết bị hiện đại.
Khách sạn Harmony chắc chắn sẽ là điểm dừng chân lý tưởng cho chuyến đi của bạn.",5.0,"[{'url': 'https://res.cloudinary.com/dzy4gcw1k/image/upload/v1735581541/travel-social/file-1735581511077-nichlas-andersen-ZFXrgzHu1KU-unsplash.jpg.jpg', 'publicId': 'travel-social/file-1735581511077-nichlas-andersen-ZFXrgzHu1KU-unsplash.jpg', '_id': ObjectId('6772df5ad9ed3a046ab7d118')}, {'url': 'https://res.cloudinary.com/dzy4gcw1k/image/upload/v1735581546/travel-social/file-1735581514860-ystallonne-alves-U_g9ZCqKAPA-unsplash.jpg.jpg', 'publicId': 'travel-social/file-1735581514860-ystallonne-alves-U_g9ZCqKAPA-unsplash.jpg', '_id': ObjectId('6772df5ad9ed3a046ab7d119')}, {'url': 'https://res.cloudinary.com/dzy4gcw1k/image/upload/v1735581546/travel-social/file-1735581519445-christian-lambert-vmIWr0NnpCQ-unsplash.jpg.jpg', 'publicId': 'travel-social/file-1735581519445-christian-lambert-vmIWr0NnpCQ-unsplash.jpg', '_id': ObjectId('6772df5ad9ed3a046ab7d11a')}, {'url': 'https://res.cloudinary.com/dzy4gcw1k/image/upload/v1735581551/travel-social/file-1735581519466-sara-dubler-Koei_7yYtIo-unsplash.jpg.jpg', 'publicId': 'travel-social/file-1735581519466-sara-dubler-Koei_7yYtIo-unsplash.jpg', '_id': ObjectId('6772df5ad9ed3a046ab7d11b')}, {'url': 'https://res.cloudinary.com/dzy4gcw1k/image/upload/v1735581552/travel-social/file-1735581523881-francesca-saraco-_dS27XGgRyQ-unsplash.jpg.jpg', 'publicId': 'travel-social/file-1735581523881-francesca-saraco-_dS27XGgRyQ-unsplash.jpg', '_id': ObjectId('6772df5ad9ed3a046ab7d11c')}, {'url': 'https://res.cloudinary.com/dzy4gcw1k/image/upload/v1735581552/travel-social/file-1735581523888-manuel-moreno-DGa0LQ0yDPc-unsplash.jpg.jpg', 'publicId': 'travel-social/file-1735581523888-manuel-moreno-DGa0LQ0yDPc-unsplash.jpg', '_id': ObjectId('6772df5ad9ed3a046ab7d11d')}, {'url': 'https://res.cloudinary.com/dzy4gcw1k/image/upload/v1735581556/travel-social/file-1735581523902-nik-lanus-YMOHw3F1Hdk-unsplash.jpg.jpg', 'publicId': 'travel-social/file-1735581523902-nik-lanus-YMOHw3F1Hdk-unsplash.jpg', '_id': ObjectId('6772df5ad9ed3a046ab7d11e')}]","Địa chỉ: Bản Nà Khái, Xã Sập Vạt, Huyện Yên Châu, Sơn La",,2024-12-30 17:58:50.960000,nha-nghi-anh-huy-son-la,2.0,active,,,,,0.0,{'id': 'guest home'},6772df5ad9ed3a046ab7d117
6772dfcfd9ed3a046ab7d121,671a02c2c0202050e0969548,Nhà nghỉ Trung Vinh,"Chào mừng bạn đến với Khách sạn Harmony, nơi mà sự sang trọng gặp gỡ sự thoải mái. Tọa lạc ngay trung tâm thành phố, khách sạn của chúng tôi mang đến cho bạn tầm nhìn tuyệt đẹp ra khung cảnh đô thị nhộn nhịp.

Dịch Vụ và Tiện Ích:
Phòng Nghỉ Sang Trọng: Các phòng được thiết kế tinh tế, trang bị TV màn hình phẳng, minibar, và Wi-Fi miễn phí.
Nhà Hàng Đẳng Cấp: Phục vụ các món ăn đa dạng từ ẩm thực địa phương đến quốc tế, với thực đơn thay đổi hàng ngày.
Hồ Bơi Ngoài Trời: Khu vực hồ bơi thư giãn, lý tưởng cho những ngày nắng.
Dịch Vụ Spa: Các liệu trình chăm sóc sức khỏe và sắc đẹp, giúp bạn thư giãn và phục hồi năng lượng.
Phòng Tập Gym: Trang bị hiện đại, mở cửa 24/7, giúp bạn duy trì thói quen tập luyện.
Dịch Vụ Đặt Tour: Hỗ trợ lên kế hoạch cho các chuyến tham quan và khám phá địa phương.
Đưa Đón Sân Bay: Dịch vụ đưa đón thuận tiện, giúp bạn tiết kiệm thời gian.
Khu Vực Họp và Tiệc: Không gian linh hoạt cho các sự kiện và hội nghị, trang bị đầy đủ thiết bị hiện đại.
Khách sạn Harmony chắc chắn sẽ là điểm dừng chân lý tưởng cho chuyến đi của bạn.",0.0,"[{'url': 'https://res.cloudinary.com/dzy4gcw1k/image/upload/v1735581641/travel-social/file-1735581610548-nichlas-andersen-ZFXrgzHu1KU-unsplash.jpg.jpg', 'publicId': 'travel-social/file-1735581610548-nichlas-andersen-ZFXrgzHu1KU-unsplash.jpg', '_id': ObjectId('6772dfcfd9ed3a046ab7d122')}, {'url': 'https://res.cloudinary.com/dzy4gcw1k/image/upload/v1735581647/travel-social/file-1735581614030-ystallonne-alves-U_g9ZCqKAPA-unsplash.jpg.jpg', 'publicId': 'travel-social/file-1735581614030-ystallonne-alves-U_g9ZCqKAPA-unsplash.jpg', '_id': ObjectId('6772dfcfd9ed3a046ab7d123')}, {'url': 'https://res.cloudinary.com/dzy4gcw1k/image/upload/v1735581647/travel-social/file-1735581619104-christian-lambert-vmIWr0NnpCQ-unsplash.jpg.jpg', 'publicId': 'travel-social/file-1735581619104-christian-lambert-vmIWr0NnpCQ-unsplash.jpg', '_id': ObjectId('6772dfcfd9ed3a046ab7d124')}, {'url': 'https://res.cloudinary.com/dzy4gcw1k/image/upload/v1735581651/travel-social/file-1735581619525-sara-dubler-Koei_7yYtIo-unsplash.jpg.jpg', 'publicId': 'travel-social/file-1735581619525-sara-dubler-Koei_7yYtIo-unsplash.jpg', '_id': ObjectId('6772dfcfd9ed3a046ab7d125')}, {'url': 'https://res.cloudinary.com/dzy4gcw1k/image/upload/v1735581651/travel-social/file-1735581623400-francesca-saraco-_dS27XGgRyQ-unsplash.jpg.jpg', 'publicId': 'travel-social/file-1735581623400-francesca-saraco-_dS27XGgRyQ-unsplash.jpg', '_id': ObjectId('6772dfcfd9ed3a046ab7d126')}, {'url': 'https://res.cloudinary.com/dzy4gcw1k/image/upload/v1735581651/travel-social/file-1735581623407-manuel-moreno-DGa0LQ0yDPc-unsplash.jpg.jpg', 'publicId': 'travel-social/file-1735581623407-manuel-moreno-DGa0LQ0yDPc-unsplash.jpg', '_id': ObjectId('6772dfcfd9ed3a046ab7d127')}, {'url': 'https://res.cloudinary.com/dzy4gcw1k/image/upload/v1735581656/travel-social/file-1735581623437-nik-lanus-YMOHw3F1Hdk-unsplash.jpg.jpg', 'publicId': 'travel-social/file-1735581623437-nik-lanus-YMOHw3F1Hdk-unsplash.jpg', '_id': ObjectId('6772dfcfd9ed3a046ab7d128')}, {'url': 'https://res.cloudinary.com/dzy4gcw1k/image/upload/v1735581656/travel-social/file-1735581628457-nichlas-andersen-ZFXrgzHu1KU-unsplash.jpg.jpg', 'publicId': 'travel-social/file-1735581628457-nichlas-andersen-ZFXrgzHu1KU-unsplash.jpg', '_id': ObjectId('6772dfcfd9ed3a046ab7d129')}, {'url': 'https://res.cloudinary.com/dzy4gcw1k/image/upload/v1735581659/travel-social/file-1735581628466-ystallonne-alves-U_g9ZCqKAPA-unsplash.jpg.jpg', 'publicId': 'travel-social/file-1735581628466-ystallonne-alves-U_g9ZCqKAPA-unsplash.jpg', '_id': ObjectId('6772dfcfd9ed3a046ab7d12a')}, {'url': 'https://res.cloudinary.com/dzy4gcw1k/image/upload/v1735581659/travel-social/file-1735581631447-rktkn-ssOtyGE8CyE-unsplash.jpg.jpg', 'publicId': 'travel-social/file-1735581631447-rktkn-ssOtyGE8CyE-unsplash.jpg', '_id': ObjectId('6772dfcfd9ed3a046ab7d12b')}, {'url': 'https://res.cloudinary.com/dzy4gcw1k/image/upload/v1735581660/travel-social/file-1735581631461-eddi-aguirre-ZAVHbpOn4Jk-unsplash.jpg.jpg', 'publicId': 'travel-social/file-1735581631461-eddi-aguirre-ZAVHbpOn4Jk-unsplash.jpg', '_id': ObjectId('6772dfcfd9ed3a046ab7d12c')}, {'url': 'https://res.cloudinary.com/dzy4gcw1k/image/upload/v1735581664/travel-social/file-1735581632538-orva-studio-YC8qqp50BdA-unsplash.jpg.jpg', 'publicId': 'travel-social/file-1735581632538-orva-studio-YC8qqp50BdA-unsplash.jpg', '_id': ObjectId('6772dfcfd9ed3a046ab7d12d')}, {'url': 'https://res.cloudinary.com/dzy4gcw1k/image/upload/v1735581666/travel-social/file-1735581637137-maria-orlova-b37mDyPzdJM-unsplash.jpg.jpg', 'publicId': 'travel-social/file-1735581637137-maria-orlova-b37mDyPzdJM-unsplash.jpg', '_id': ObjectId('6772dfcfd9ed3a046ab7d12e')}, {'url': 'https://res.cloudinary.com/dzy4gcw1k/image/upload/v1735581667/travel-social/file-1735581637245-jason-briscoe-76-58HpxvpQ-unsplash.jpg.jpg', 'publicId': 'travel-social/file-1735581637245-jason-briscoe-76-58HpxvpQ-unsplash.jpg', '_id': ObjectId('6772dfcfd9ed3a046ab7d12f')}, {'url': 'https://res.cloudinary.com/dzy4gcw1k/image/upload/v1735581667/travel-social/file-1735581637292-tony-yakovlenko-lDxxeAJrWpE-unsplash.jpg.jpg', 'publicId': 'travel-social/file-1735581637292-tony-yakovlenko-lDxxeAJrWpE-unsplash.jpg', '_id': ObjectId('6772dfcfd9ed3a046ab7d130')}, {'url': 'https://res.cloudinary.com/dzy4gcw1k/image/upload/v1735581672/travel-social/file-1735581637332-fernando-alvarez-rodriguez-M7GddPqJowg-unsplash.jpg.jpg', 'publicId': 'travel-social/file-1735581637332-fernando-alvarez-rodriguez-M7GddPqJowg-unsplash.jpg', '_id': ObjectId('6772dfcfd9ed3a046ab7d131')}, {'url': 'https://res.cloudinary.com/dzy4gcw1k/image/upload/v1735581672/travel-social/file-1735581644320-mp-fV2dM2WvKvE-unsplash.jpg.jpg', 'publicId': 'travel-social/file-1735581644320-mp-fV2dM2WvKvE-unsplash.jpg', '_id': ObjectId('6772dfcfd9ed3a046ab7d132')}]","Xóm 2 nghi trung - nghi lộc - nghệ an, Xã Nghi Trung, Huyện Nghi Lộc, Nghệ An",{'id': 'guest home'},2024-12-30 18:00:47.641000,,0.0,active,,,,,0.0,,6772dfcfd9ed3a046ab7d121
6772e1d9d9ed3a046ab7d136,671a02c2c0202050e0969548,LAVENDER HOTEL,"Chào mừng bạn đến với Khách sạn Harmony, nơi mà sự sang trọng gặp gỡ sự thoải mái. Tọa lạc ngay trung tâm thành phố, khách sạn của chúng tôi mang đến cho bạn tầm nhìn tuyệt đẹp ra khung cảnh đô thị nhộn nhịp.

Dịch Vụ và Tiện Ích:
Phòng Nghỉ Sang Trọng: Các phòng được thiết kế tinh tế, trang bị TV màn hình phẳng, minibar, và Wi-Fi miễn phí.
Nhà Hàng Đẳng Cấp: Phục vụ các món ăn đa dạng từ ẩm thực địa phương đến quốc tế, với thực đơn thay đổi hàng ngày.
Hồ Bơi Ngoài Trời: Khu vực hồ bơi thư giãn, lý tưởng cho những ngày nắng.
Dịch Vụ Spa: Các liệu trình chăm sóc sức khỏe và sắc đẹp, giúp bạn thư giãn và phục hồi năng lượng.
Phòng Tập Gym: Trang bị hiện đại, mở cửa 24/7, giúp bạn duy trì thói quen tập luyện.
Dịch Vụ Đặt Tour: Hỗ trợ lên kế hoạch cho các chuyến tham quan và khám phá địa phương.
Đưa Đón Sân Bay: Dịch vụ đưa đón thuận tiện, giúp bạn tiết kiệm thời gian.
Khu Vực Họp và Tiệc: Không gian linh hoạt cho các sự kiện và hội nghị, trang bị đầy đủ thiết bị hiện đại.
Khách sạn Harmony chắc chắn sẽ là điểm dừng chân lý tưởng cho chuyến đi của bạn.",0.0,"[{'url': 'https://res.cloudinary.com/dzy4gcw1k/image/upload/v1735582191/travel-social/file-1735582162387-6f9a2ebe.avif.avif', 'publicId': 'travel-social/file-1735582162387-6f9a2ebe.avif', '_id': ObjectId('6772e1d9d9ed3a046ab7d137')}, {'url': 'https://res.cloudinary.com/dzy4gcw1k/image/upload/v1735582191/travel-social/file-1735582162388-991b92cb.avif.avif', 'publicId': 'travel-social/file-1735582162388-991b92cb.avif', '_id': ObjectId('6772e1d9d9ed3a046ab7d138')}, {'url': 'https://res.cloudinary.com/dzy4gcw1k/image/upload/v1735582191/travel-social/file-1735582162390-77807812.avif.avif', 'publicId': 'travel-social/file-1735582162390-77807812.avif', '_id': ObjectId('6772e1d9d9ed3a046ab7d139')}, {'url': 'https://res.cloudinary.com/dzy4gcw1k/image/upload/v1735582193/travel-social/file-1735582164117-c9c8e087.avif.avif', 'publicId': 'travel-social/file-1735582164117-c9c8e087.avif', '_id': ObjectId('6772e1d9d9ed3a046ab7d13a')}, {'url': 'https://res.cloudinary.com/dzy4gcw1k/image/upload/v1735582193/travel-social/file-1735582164119-c69ffaed.webp.webp', 'publicId': 'travel-social/file-1735582164119-c69ffaed.webp', '_id': ObjectId('6772e1d9d9ed3a046ab7d13b')}, {'url': 'https://res.cloudinary.com/dzy4gcw1k/image/upload/v1735582192/travel-social/file-1735582165762-lavenderhotel.webp.webp', 'publicId': 'travel-social/file-1735582165762-lavenderhotel.webp', '_id': ObjectId('6772e1d9d9ed3a046ab7d13c')}, {'url': 'https://res.cloudinary.com/dzy4gcw1k/image/upload/v1735582195/travel-social/file-1735582165764-valenderhotel2.webp', 'publicId': 'travel-social/file-1735582165764-valenderhotel2', '_id': ObjectId('6772e1d9d9ed3a046ab7d13d')}, {'url': 'https://res.cloudinary.com/dzy4gcw1k/image/upload/v1735582194/travel-social/file-1735582167545-valenderhotel3.avif', 'publicId': 'travel-social/file-1735582167545-valenderhotel3', '_id': ObjectId('6772e1d9d9ed3a046ab7d13e')}]","07 đường 41, Phường 6, Quận 4, TP. HCM, Phường 06, Quận 4, Thành phố Hồ Chí Minh",{'id': 'hotel'},2024-12-30 18:09:29.791000,,0.0,active,,,,,0.0,,6772e1d9d9ed3a046ab7d136
6772e4e9297d75e3d50f587d,671a02c2c0202050e0969548,Khách sạn minh hằng 2,"Chào mừng bạn đến với Khách sạn Harmony, nơi mà sự sang trọng gặp gỡ sự thoải mái. Tọa lạc ngay trung tâm thành phố, khách sạn của chúng tôi mang đến cho bạn tầm nhìn tuyệt đẹp ra khung cảnh đô thị nhộn nhịp.

Dịch Vụ và Tiện Ích:
Phòng Nghỉ Sang Trọng: Các phòng được thiết kế tinh tế, trang bị TV màn hình phẳng, minibar, và Wi-Fi miễn phí.
Nhà Hàng Đẳng Cấp: Phục vụ các món ăn đa dạng từ ẩm thực địa phương đến quốc tế, với thực đơn thay đổi hàng ngày.
Hồ Bơi Ngoài Trời: Khu vực hồ bơi thư giãn, lý tưởng cho những ngày nắng.
Dịch Vụ Spa: Các liệu trình chăm sóc sức khỏe và sắc đẹp, giúp bạn thư giãn và phục hồi năng lượng.
Phòng Tập Gym: Trang bị hiện đại, mở cửa 24/7, giúp bạn duy trì thói quen tập luyện.
Dịch Vụ Đặt Tour: Hỗ trợ lên kế hoạch cho các chuyến tham quan và khám phá địa phương.
Đưa Đón Sân Bay: Dịch vụ đưa đón thuận tiện, giúp bạn tiết kiệm thời gian.
Khu Vực Họp và Tiệc: Không gian linh hoạt cho các sự kiện và hội nghị, trang bị đầy đủ thiết bị hiện đại.
Khách sạn Harmony chắc chắn sẽ là điểm dừng chân lý tưởng cho chuyến đi của bạn.",0.0,"[{'url': 'https://res.cloudinary.com/dzy4gcw1k/image/upload/v1735582975/travel-social/file-1735582946714-6f9a2ebe.avif.avif', 'publicId': 'travel-social/file-1735582946714-6f9a2ebe.avif', '_id': ObjectId('6772e4e9297d75e3d50f587e')}, {'url': 'https://res.cloudinary.com/dzy4gcw1k/image/upload/v1735582975/travel-social/file-1735582946723-991b92cb.avif.avif', 'publicId': 'travel-social/file-1735582946723-991b92cb.avif', '_id': ObjectId('6772e4e9297d75e3d50f587f')}, {'url': 'https://res.cloudinary.com/dzy4gcw1k/image/upload/v1735582975/travel-social/file-1735582946726-77807812.avif.avif', 'publicId': 'travel-social/file-1735582946726-77807812.avif', '_id': ObjectId('6772e4e9297d75e3d50f5880')}, {'url': 'https://res.cloudinary.com/dzy4gcw1k/image/upload/v1735582977/travel-social/file-1735582948459-c9c8e087.avif.avif', 'publicId': 'travel-social/file-1735582948459-c9c8e087.avif', '_id': ObjectId('6772e4e9297d75e3d50f5881')}, {'url': 'https://res.cloudinary.com/dzy4gcw1k/image/upload/v1735582977/travel-social/file-1735582948461-c69ffaed.webp.webp', 'publicId': 'travel-social/file-1735582948461-c69ffaed.webp', '_id': ObjectId('6772e4e9297d75e3d50f5882')}, {'url': 'https://res.cloudinary.com/dzy4gcw1k/image/upload/v1735582977/travel-social/file-1735582950105-lavenderhotel.webp.webp', 'publicId': 'travel-social/file-1735582950105-lavenderhotel.webp', '_id': ObjectId('6772e4e9297d75e3d50f5883')}, {'url': 'https://res.cloudinary.com/dzy4gcw1k/image/upload/v1735582977/travel-social/file-1735582950107-valenderhotel2.webp', 'publicId': 'travel-social/file-1735582950107-valenderhotel2', '_id': ObjectId('6772e4e9297d75e3d50f5884')}, {'url': 'https://res.cloudinary.com/dzy4gcw1k/image/upload/v1735582979/travel-social/file-1735582950109-valenderhotel3.avif', 'publicId': 'travel-social/file-1735582950109-valenderhotel3', '_id': ObjectId('6772e4e9297d75e3d50f5885')}]","152 ngô thuyền, Phường Quảng Thắng, Thành phố Thanh Hóa, Thanh Hóa","{'id': 'hotel', 'name': 'Khách sạn'}",2024-12-30 18:22:33.742000,,0.0,active,,,,,0.0,,6772e4e9297d75e3d50f587d
6772e57e297d75e3d50f5888,671a02c2c0202050e0969548,Nhà nghỉ Nhật Quang,"Chào mừng bạn đến với Khách sạn Harmony, nơi mà sự sang trọng gặp gỡ sự thoải mái. Tọa lạc ngay trung tâm thành phố, khách sạn của chúng tôi mang đến cho bạn tầm nhìn tuyệt đẹp ra khung cảnh đô thị nhộn nhịp.

Dịch Vụ và Tiện Ích:
Phòng Nghỉ Sang Trọng: Các phòng được thiết kế tinh tế, trang bị TV màn hình phẳng, minibar, và Wi-Fi miễn phí.
Nhà Hàng Đẳng Cấp: Phục vụ các món ăn đa dạng từ ẩm thực địa phương đến quốc tế, với thực đơn thay đổi hàng ngày.
Hồ Bơi Ngoài Trời: Khu vực hồ bơi thư giãn, lý tưởng cho những ngày nắng.
Dịch Vụ Spa: Các liệu trình chăm sóc sức khỏe và sắc đẹp, giúp bạn thư giãn và phục hồi năng lượng.
Phòng Tập Gym: Trang bị hiện đại, mở cửa 24/7, giúp bạn duy trì thói quen tập luyện.
Dịch Vụ Đặt Tour: Hỗ trợ lên kế hoạch cho các chuyến tham quan và khám phá địa phương.
Đưa Đón Sân Bay: Dịch vụ đưa đón thuận tiện, giúp bạn tiết kiệm thời gian.
Khu Vực Họp và Tiệc: Không gian linh hoạt cho các sự kiện và hội nghị, trang bị đầy đủ thiết bị hiện đại.
Khách sạn Harmony chắc chắn sẽ là điểm dừng chân lý tưởng cho chuyến đi của bạn.",0.0,"[{'url': 'https://res.cloudinary.com/dzy4gcw1k/image/upload/v1735583127/travel-social/file-1735583098276-77807812.avif.avif', 'publicId': 'travel-social/file-1735583098276-77807812.avif', '_id': ObjectId('6772e57e297d75e3d50f5889')}, {'url': 'https://res.cloudinary.com/dzy4gcw1k/image/upload/v1735583127/travel-social/file-1735583098281-c9c8e087.avif.avif', 'publicId': 'travel-social/file-1735583098281-c9c8e087.avif', '_id': ObjectId('6772e57e297d75e3d50f588a')}, {'url': 'https://res.cloudinary.com/dzy4gcw1k/image/upload/v1735583127/travel-social/file-1735583098285-lavenderhotel.webp.webp', 'publicId': 'travel-social/file-1735583098285-lavenderhotel.webp', '_id': ObjectId('6772e57e297d75e3d50f588b')}, {'url': 'https://res.cloudinary.com/dzy4gcw1k/image/upload/v1735583127/travel-social/file-1735583098287-valenderhotel3.avif', 'publicId': 'travel-social/file-1735583098287-valenderhotel3', '_id': ObjectId('6772e57e297d75e3d50f588c')}]","Nhà nghỉ Nhật Quang Thôn Cốc Tộc, xã Nam Mẫu, huyện Ba Bể, tỉnh Bắc Kạn, Xã Nam Mẫu, Huyện Ba Bể, Bắc Kạn",{'id': 'guest home'},2024-12-30 18:25:02.226000,,0.0,active,,,,,0.0,,6772e57e297d75e3d50f5888
6772e623297d75e3d50f588f,671a02c2c0202050e0969548,Ivy hotel,"Chào mừng bạn đến với Khách sạn Harmony, nơi mà sự sang trọng gặp gỡ sự thoải mái. Tọa lạc ngay trung tâm thành phố, khách sạn của chúng tôi mang đến cho bạn tầm nhìn tuyệt đẹp ra khung cảnh đô thị nhộn nhịp.

Dịch Vụ và Tiện Ích:
Phòng Nghỉ Sang Trọng: Các phòng được thiết kế tinh tế, trang bị TV màn hình phẳng, minibar, và Wi-Fi miễn phí.
Nhà Hàng Đẳng Cấp: Phục vụ các món ăn đa dạng từ ẩm thực địa phương đến quốc tế, với thực đơn thay đổi hàng ngày.
Hồ Bơi Ngoài Trời: Khu vực hồ bơi thư giãn, lý tưởng cho những ngày nắng.
Dịch Vụ Spa: Các liệu trình chăm sóc sức khỏe và sắc đẹp, giúp bạn thư giãn và phục hồi năng lượng.
Phòng Tập Gym: Trang bị hiện đại, mở cửa 24/7, giúp bạn duy trì thói quen tập luyện.
Dịch Vụ Đặt Tour: Hỗ trợ lên kế hoạch cho các chuyến tham quan và khám phá địa phương.
Đưa Đón Sân Bay: Dịch vụ đưa đón thuận tiện, giúp bạn tiết kiệm thời gian.
Khu Vực Họp và Tiệc: Không gian linh hoạt cho các sự kiện và hội nghị, trang bị đầy đủ thiết bị hiện đại.
Khách sạn Harmony chắc chắn sẽ là điểm dừng chân lý tưởng cho chuyến đi của bạn.",0.0,"[{'url': 'https://res.cloudinary.com/dzy4gcw1k/image/upload/v1735583282/travel-social/file-1735583253641-c9c8e087.avif.avif', 'publicId': 'travel-social/file-1735583253641-c9c8e087.avif', '_id': ObjectId('6772e623297d75e3d50f5890')}, {'url': 'https://res.cloudinary.com/dzy4gcw1k/image/upload/v1735583283/travel-social/file-1735583253643-lavenderhotel.webp.webp', 'publicId': 'travel-social/file-1735583253643-lavenderhotel.webp', '_id': ObjectId('6772e623297d75e3d50f5891')}, {'url': 'https://res.cloudinary.com/dzy4gcw1k/image/upload/v1735583285/travel-social/file-1735583253647-jason-briscoe-76-58HpxvpQ-unsplash.jpg.jpg', 'publicId': 'travel-social/file-1735583253647-jason-briscoe-76-58HpxvpQ-unsplash.jpg', '_id': ObjectId('6772e623297d75e3d50f5892')}, {'url': 'https://res.cloudinary.com/dzy4gcw1k/image/upload/v1735583286/travel-social/file-1735583258071-tony-yakovlenko-lDxxeAJrWpE-unsplash.jpg.jpg', 'publicId': 'travel-social/file-1735583258071-tony-yakovlenko-lDxxeAJrWpE-unsplash.jpg', '_id': ObjectId('6772e623297d75e3d50f5893')}, {'url': 'https://res.cloudinary.com/dzy4gcw1k/image/upload/v1735583293/travel-social/file-1735583259232-fernando-alvarez-rodriguez-M7GddPqJowg-unsplash.jpg.jpg', 'publicId': 'travel-social/file-1735583259232-fernando-alvarez-rodriguez-M7GddPqJowg-unsplash.jpg', '_id': ObjectId('6772e623297d75e3d50f5894')}]","Số 18 - Ngõ 1 - vườn đào- phường bãi cháy - Thành Phố hạ Long - Tỉnh Quảng Ninh, Phường Bãi Cháy, Thành phố Hạ Long, Quảng Ninh",{'id': 'hotel'},2024-12-30 18:27:47.540000,,0.0,active,,,,,0.0,,6772e623297d75e3d50f588f
6772e660297d75e3d50f5897,671a02c2c0202050e0969548,Thọ Ngân hotel,"Chào mừng bạn đến với Khách sạn Harmony, nơi mà sự sang trọng gặp gỡ sự thoải mái. Tọa lạc ngay trung tâm thành phố, khách sạn của chúng tôi mang đến cho bạn tầm nhìn tuyệt đẹp ra khung cảnh đô thị nhộn nhịp.

Dịch Vụ và Tiện Ích:
Phòng Nghỉ Sang Trọng: Các phòng được thiết kế tinh tế, trang bị TV màn hình phẳng, minibar, và Wi-Fi miễn phí.
Nhà Hàng Đẳng Cấp: Phục vụ các món ăn đa dạng từ ẩm thực địa phương đến quốc tế, với thực đơn thay đổi hàng ngày.
Hồ Bơi Ngoài Trời: Khu vực hồ bơi thư giãn, lý tưởng cho những ngày nắng.
Dịch Vụ Spa: Các liệu trình chăm sóc sức khỏe và sắc đẹp, giúp bạn thư giãn và phục hồi năng lượng.
Phòng Tập Gym: Trang bị hiện đại, mở cửa 24/7, giúp bạn duy trì thói quen tập luyện.
Dịch Vụ Đặt Tour: Hỗ trợ lên kế hoạch cho các chuyến tham quan và khám phá địa phương.
Đưa Đón Sân Bay: Dịch vụ đưa đón thuận tiện, giúp bạn tiết kiệm thời gian.
Khu Vực Họp và Tiệc: Không gian linh hoạt cho các sự kiện và hội nghị, trang bị đầy đủ thiết bị hiện đại.
Khách sạn Harmony chắc chắn sẽ là điểm dừng chân lý tưởng cho chuyến đi của bạn.",0.0,"[{'url': 'https://res.cloudinary.com/dzy4gcw1k/image/upload/v1735583342/travel-social/file-1735583310787-jason-briscoe-76-58HpxvpQ-unsplash.jpg.jpg', 'publicId': 'travel-social/file-1735583310787-jason-briscoe-76-58HpxvpQ-unsplash.jpg', '_id': ObjectId('6772e660297d75e3d50f5898')}, {'url': 'https://res.cloudinary.com/dzy4gcw1k/image/upload/v1735583347/travel-social/file-1735583315733-tony-yakovlenko-lDxxeAJrWpE-unsplash.jpg.jpg', 'publicId': 'travel-social/file-1735583315733-tony-yakovlenko-lDxxeAJrWpE-unsplash.jpg', '_id': ObjectId('6772e660297d75e3d50f5899')}, {'url': 'https://res.cloudinary.com/dzy4gcw1k/image/upload/v1735583350/travel-social/file-1735583320007-ystallonne-alves-U_g9ZCqKAPA-unsplash.jpg.jpg', 'publicId': 'travel-social/file-1735583320007-ystallonne-alves-U_g9ZCqKAPA-unsplash.jpg', '_id': ObjectId('6772e660297d75e3d50f589a')}, {'url': 'https://res.cloudinary.com/dzy4gcw1k/image/upload/v1735583350/travel-social/file-1735583322648-rktkn-ssOtyGE8CyE-unsplash.jpg.jpg', 'publicId': 'travel-social/file-1735583322648-rktkn-ssOtyGE8CyE-unsplash.jpg', '_id': ObjectId('6772e660297d75e3d50f589b')}, {'url': 'https://res.cloudinary.com/dzy4gcw1k/image/upload/v1735583354/travel-social/file-1735583323306-eddi-aguirre-ZAVHbpOn4Jk-unsplash.jpg.jpg', 'publicId': 'travel-social/file-1735583323306-eddi-aguirre-ZAVHbpOn4Jk-unsplash.jpg', '_id': ObjectId('6772e660297d75e3d50f589c')}]","177 Trần Phú. P Bắc Cường. Tp Lào Cai, Phường Bắc Cường, Thành phố Lào Cai, Lào Cai",{'id': 'hotel'},2024-12-30 18:28:48.864000,,0.0,active,,,,,0.0,,6772e660297d75e3d50f5897
6772e6c8297d75e3d50f589f,671a02c2c0202050e0969548,KHÁCH SẠN HÀ NỘI,,0.0,"[{'url': 'https://res.cloudinary.com/dzy4gcw1k/image/upload/v1735583447/travel-social/file-1735583416507-jason-briscoe-76-58HpxvpQ-unsplash.jpg.jpg', 'publicId': 'travel-social/file-1735583416507-jason-briscoe-76-58HpxvpQ-unsplash.jpg', '_id': ObjectId('6772e6c8297d75e3d50f58a0')}, {'url': 'https://res.cloudinary.com/dzy4gcw1k/image/upload/v1735583451/travel-social/file-1735583420413-tony-yakovlenko-lDxxeAJrWpE-unsplash.jpg.jpg', 'publicId': 'travel-social/file-1735583420413-tony-yakovlenko-lDxxeAJrWpE-unsplash.jpg', '_id': ObjectId('6772e6c8297d75e3d50f58a1')}, {'url': 'https://res.cloudinary.com/dzy4gcw1k/image/upload/v1735583452/travel-social/file-1735583423983-ystallonne-alves-U_g9ZCqKAPA-unsplash.jpg.jpg', 'publicId': 'travel-social/file-1735583423983-ystallonne-alves-U_g9ZCqKAPA-unsplash.jpg', '_id': ObjectId('6772e6c8297d75e3d50f58a2')}, {'url': 'https://res.cloudinary.com/dzy4gcw1k/image/upload/v1735583457/travel-social/file-1735583424379-rktkn-ssOtyGE8CyE-unsplash.jpg.jpg', 'publicId': 'travel-social/file-1735583424379-rktkn-ssOtyGE8CyE-unsplash.jpg', '_id': ObjectId('6772e6c8297d75e3d50f58a3')}, {'url': 'https://res.cloudinary.com/dzy4gcw1k/image/upload/v1735583456/travel-social/file-1735583428338-eddi-aguirre-ZAVHbpOn4Jk-unsplash.jpg.jpg', 'publicId': 'travel-social/file-1735583428338-eddi-aguirre-ZAVHbpOn4Jk-unsplash.jpg', '_id': ObjectId('6772e6c8297d75e3d50f58a4')}]","Điện Biên Phủ- Tích Sơn- Vĩnh Yên- Vĩnh Phúc, Phường Tích Sơn, Thành phố Vĩnh Yên, Vĩnh Phúc",{'id': 'hotel'},2024-12-30 18:30:32.182000,,0.0,active,,,,,0.0,,6772e6c8297d75e3d50f589f
6772e6e9297d75e3d50f58a7,671a02c2c0202050e0969548,Khách sạn Thiên Tuấn,,0.0,"[{'url': 'https://res.cloudinary.com/dzy4gcw1k/image/upload/v1735583490/travel-social/file-1735583458990-rktkn-ssOtyGE8CyE-unsplash.jpg.jpg', 'publicId': 'travel-social/file-1735583458990-rktkn-ssOtyGE8CyE-unsplash.jpg', '_id': ObjectId('6772e6e9297d75e3d50f58a8')}]","Thôn đại đồng, Xã Thạch Long, Huyện Thạch Hà, Hà Tĩnh",{'id': 'hotel'},2024-12-30 18:31:05.818000,,0.0,active,,,,,0.0,,6772e6e9297d75e3d50f58a7
6772e710297d75e3d50f58ab,671a02c2c0202050e0969548,Khách sạn Hương Mãn Lầu,,0.0,"[{'url': 'https://res.cloudinary.com/dzy4gcw1k/image/upload/v1735583529/travel-social/file-1735583499023-rktkn-ssOtyGE8CyE-unsplash.jpg.jpg', 'publicId': 'travel-social/file-1735583499023-rktkn-ssOtyGE8CyE-unsplash.jpg', '_id': ObjectId('6772e710297d75e3d50f58ac')}]","48 Ngô Tất Tố - Ninh Xá - TP Bắc Ninh, Phường Ninh Xá, Thành phố Bắc Ninh, Bắc Ninh",{'id': 'hotel'},2024-12-30 18:31:44.014000,,0.0,active,,,,,0.0,,6772e710297d75e3d50f58ab
6772e794297d75e3d50f58af,671a02c2c0202050e0969548,nhà nghỉ Cẩm Tú,,0.0,"[{'url': 'https://res.cloudinary.com/dzy4gcw1k/image/upload/v1735583658/travel-social/file-1735583627996-rktkn-ssOtyGE8CyE-unsplash.jpg.jpg', 'publicId': 'travel-social/file-1735583627996-rktkn-ssOtyGE8CyE-unsplash.jpg', '_id': ObjectId('6772e794297d75e3d50f58b0')}, {'url': 'https://res.cloudinary.com/dzy4gcw1k/image/upload/v1735583662/travel-social/file-1735583631843-nichlas-andersen-ZFXrgzHu1KU-unsplash.jpg.jpg', 'publicId': 'travel-social/file-1735583631843-nichlas-andersen-ZFXrgzHu1KU-unsplash.jpg', '_id': ObjectId('6772e794297d75e3d50f58b1')}]","hẻm 13 Trần Hưng Đạo, kp1, Phường 1, Thành phố Tây Ninh, Tây Ninh",{'id': 'guest home'},2024-12-30 18:33:56.563000,,0.0,active,,,,,0.0,,6772e794297d75e3d50f58af
6772eabf297d75e3d50f58b5,671a02c2c0202050e0969548,Blossom homestay,,0.0,"[{'url': 'https://res.cloudinary.com/dzy4gcw1k/image/upload/v1735584470/travel-social/file-1735584431734-tu-tran-anh-zfJ0U9MhTUA-unsplash.jpg.jpg', 'publicId': 'travel-social/file-1735584431734-tu-tran-anh-zfJ0U9MhTUA-unsplash.jpg', '_id': ObjectId('6772eabf297d75e3d50f58b6')}, {'url': 'https://res.cloudinary.com/dzy4gcw1k/image/upload/v1735584473/travel-social/file-1735584442874-simply-mersah--EO7ZQr6Mvs-unsplash.jpg.jpg', 'publicId': 'travel-social/file-1735584442874-simply-mersah--EO7ZQr6Mvs-unsplash.jpg', '_id': ObjectId('6772eabf297d75e3d50f58b7')}]","04/21 Nguyễn du. Tp Tuy Hòa. Phú Yên, Phường 7, Thành phố Tuy Hoà, Phú Yên",{'id': 'homestay'},2024-12-30 18:47:27.510000,,0.0,active,,,,,0.0,,6772eabf297d75e3d50f58b5
6772ec40297d75e3d50f58bf,671a02c2c0202050e0969548,Homestay Long Chiều,,0.0,"[{'url': 'https://res.cloudinary.com/dzy4gcw1k/image/upload/v1735584855/travel-social/file-1735584824309-alka-jha-lOxVZQc0W0U-unsplash.jpg.jpg', 'publicId': 'travel-social/file-1735584824309-alka-jha-lOxVZQc0W0U-unsplash.jpg', '_id': ObjectId('6772ec40297d75e3d50f58c0')}, {'url': 'https://res.cloudinary.com/dzy4gcw1k/image/upload/v1735584858/travel-social/file-1735584828299-simply-mersah-f9VRmJ-eAik-unsplash.jpg.jpg', 'publicId': 'travel-social/file-1735584828299-simply-mersah-f9VRmJ-eAik-unsplash.jpg', '_id': ObjectId('6772ec40297d75e3d50f58c1')}]","Thôn Tân Phong, Xã Hồ Thầu, Huyện Hoàng Su Phì, Hà Giang",{'id': 'homestay'},2024-12-30 18:53:52.605000,,0.0,active,,,,,0.0,,6772ec40297d75e3d50f58bf
6772ece1297d75e3d50f58c4,671a02c2c0202050e0969548,Blue garden homestay,,0.0,"[{'url': 'https://res.cloudinary.com/dzy4gcw1k/image/upload/v1735585010/travel-social/file-1735584979636-alka-jha-lOxVZQc0W0U-unsplash.jpg.jpg', 'publicId': 'travel-social/file-1735584979636-alka-jha-lOxVZQc0W0U-unsplash.jpg', '_id': ObjectId('6772ece1297d75e3d50f58c5')}, {'url': 'https://res.cloudinary.com/dzy4gcw1k/image/upload/v1735585013/travel-social/file-1735584983393-simply-mersah-f9VRmJ-eAik-unsplash.jpg.jpg', 'publicId': 'travel-social/file-1735584983393-simply-mersah-f9VRmJ-eAik-unsplash.jpg', '_id': ObjectId('6772ece1297d75e3d50f58c6')}, {'url': 'https://res.cloudinary.com/dzy4gcw1k/image/upload/v1735585013/travel-social/file-1735584986509-simply-mersah-f9VRmJ-eAik-unsplash.jpg.jpg', 'publicId': 'travel-social/file-1735584986509-simply-mersah-f9VRmJ-eAik-unsplash.jpg', '_id': ObjectId('6772ece1297d75e3d50f58c7')}, {'url': 'https://res.cloudinary.com/dzy4gcw1k/image/upload/v1735585018/travel-social/file-1735584986518-tu-tran-anh-zfJ0U9MhTUA-unsplash.jpg.jpg', 'publicId': 'travel-social/file-1735584986518-tu-tran-anh-zfJ0U9MhTUA-unsplash.jpg', '_id': ObjectId('6772ece1297d75e3d50f58c8')}, {'url': 'https://res.cloudinary.com/dzy4gcw1k/image/upload/v1735585018/travel-social/file-1735584990901-simply-mersah--EO7ZQr6Mvs-unsplash.jpg.jpg', 'publicId': 'travel-social/file-1735584990901-simply-mersah--EO7ZQr6Mvs-unsplash.jpg', '_id': ObjectId('6772ece1297d75e3d50f58c9')}, {'url': 'https://res.cloudinary.com/dzy4gcw1k/image/upload/v1735585018/travel-social/file-1735584990954-simply-mersah-EwDEw-k3WAA-unsplash%20-%20Copy.jpg.jpg', 'publicId': 'travel-social/file-1735584990954-simply-mersah-EwDEw-k3WAA-unsplash - Copy.jpg', '_id': ObjectId('6772ece1297d75e3d50f58ca')}]","Thon Binh Khe, Xã Ninh Nhất, Thành phố Ninh Bình, Ninh Bình",{'id': 'homestay'},2024-12-30 18:56:33.116000,,0.0,active,,,,,0.0,,6772ece1297d75e3d50f58c4
6772ed1e297d75e3d50f58cd,671a02c2c0202050e0969548,Homestay Lý Tiên,,0.0,"[{'url': 'https://res.cloudinary.com/dzy4gcw1k/image/upload/v1735585074/travel-social/file-1735585041267-pew-nguyen-3sXuWhKZVeg-unsplash.jpg.jpg', 'publicId': 'travel-social/file-1735585041267-pew-nguyen-3sXuWhKZVeg-unsplash.jpg', '_id': ObjectId('6772ed1e297d75e3d50f58ce')}, {'url': 'https://res.cloudinary.com/dzy4gcw1k/image/upload/v1735585076/travel-social/file-1735585046619-simply-mersah-EwDEw-k3WAA-unsplash%20-%20Copy.jpg.jpg', 'publicId': 'travel-social/file-1735585046619-simply-mersah-EwDEw-k3WAA-unsplash - Copy.jpg', '_id': ObjectId('6772ed1e297d75e3d50f58cf')}, {'url': 'https://res.cloudinary.com/dzy4gcw1k/image/upload/v1735585076/travel-social/file-1735585049949-simply-mersah-EwDEw-k3WAA-unsplash.jpg.jpg', 'publicId': 'travel-social/file-1735585049949-simply-mersah-EwDEw-k3WAA-unsplash.jpg', '_id': ObjectId('6772ed1e297d75e3d50f58d0')}, {'url': 'https://res.cloudinary.com/dzy4gcw1k/image/upload/v1735585080/travel-social/file-1735585049956-minh-tr-n-a7zcTeNJjDg-unsplash.jpg.jpg', 'publicId': 'travel-social/file-1735585049956-minh-tr-n-a7zcTeNJjDg-unsplash.jpg', '_id': ObjectId('6772ed1e297d75e3d50f58d1')}]","thôn Suối Thầu 2, xã Bản Luốc, Xã Bản Luốc, Huyện Hoàng Su Phì, Hà Giang",{'id': 'homestay'},2024-12-30 18:57:34.637000,,0.0,active,,,,,0.0,,6772ed1e297d75e3d50f58cd
6772ed41297d75e3d50f58d4,671a02c2c0202050e0969548,Bolero homestay,,0.0,"[{'url': 'https://res.cloudinary.com/dzy4gcw1k/image/upload/v1735585108/travel-social/file-1735585077271-pew-nguyen-3sXuWhKZVeg-unsplash.jpg.jpg', 'publicId': 'travel-social/file-1735585077271-pew-nguyen-3sXuWhKZVeg-unsplash.jpg', '_id': ObjectId('6772ed41297d75e3d50f58d5')}, {'url': 'https://res.cloudinary.com/dzy4gcw1k/image/upload/v1735585111/travel-social/file-1735585081391-simply-mersah-EwDEw-k3WAA-unsplash%20-%20Copy.jpg.jpg', 'publicId': 'travel-social/file-1735585081391-simply-mersah-EwDEw-k3WAA-unsplash - Copy.jpg', '_id': ObjectId('6772ed41297d75e3d50f58d6')}, {'url': 'https://res.cloudinary.com/dzy4gcw1k/image/upload/v1735585111/travel-social/file-1735585084462-simply-mersah-EwDEw-k3WAA-unsplash.jpg.jpg', 'publicId': 'travel-social/file-1735585084462-simply-mersah-EwDEw-k3WAA-unsplash.jpg', '_id': ObjectId('6772ed41297d75e3d50f58d7')}, {'url': 'https://res.cloudinary.com/dzy4gcw1k/image/upload/v1735585115/travel-social/file-1735585084468-minh-tr-n-a7zcTeNJjDg-unsplash.jpg.jpg', 'publicId': 'travel-social/file-1735585084468-minh-tr-n-a7zcTeNJjDg-unsplash.jpg', '_id': ObjectId('6772ed41297d75e3d50f58d8')}]","Hành Cung, Xã Ninh Thắng, Huyện Hoa Lư, Ninh Bình",{'id': 'homestay'},2024-12-30 18:58:09.889000,,0.0,active,,,,,0.0,,6772ed41297d75e3d50f58d4
6772edbc297d75e3d50f58e2,671a02c2c0202050e0969548,Bolero homestay,,0.0,"[{'url': 'https://res.cloudinary.com/dzy4gcw1k/image/upload/v1735585231/travel-social/file-1735585199732-pew-nguyen-3sXuWhKZVeg-unsplash.jpg.jpg', 'publicId': 'travel-social/file-1735585199732-pew-nguyen-3sXuWhKZVeg-unsplash.jpg', '_id': ObjectId('6772edbc297d75e3d50f58e3')}, {'url': 'https://res.cloudinary.com/dzy4gcw1k/image/upload/v1735585234/travel-social/file-1735585203956-simply-mersah-EwDEw-k3WAA-unsplash%20-%20Copy.jpg.jpg', 'publicId': 'travel-social/file-1735585203956-simply-mersah-EwDEw-k3WAA-unsplash - Copy.jpg', '_id': ObjectId('6772edbc297d75e3d50f58e4')}, {'url': 'https://res.cloudinary.com/dzy4gcw1k/image/upload/v1735585234/travel-social/file-1735585207031-simply-mersah-EwDEw-k3WAA-unsplash.jpg.jpg', 'publicId': 'travel-social/file-1735585207031-simply-mersah-EwDEw-k3WAA-unsplash.jpg', '_id': ObjectId('6772edbc297d75e3d50f58e5')}, {'url': 'https://res.cloudinary.com/dzy4gcw1k/image/upload/v1735585238/travel-social/file-1735585207039-minh-tr-n-a7zcTeNJjDg-unsplash.jpg.jpg', 'publicId': 'travel-social/file-1735585207039-minh-tr-n-a7zcTeNJjDg-unsplash.jpg', '_id': ObjectId('6772edbc297d75e3d50f58e6')}]","Hành Cung, Xã Ninh Thắng, Huyện Hoa Lư, Ninh Bình",{'id': 'homestay'},2024-12-30 19:00:12.478000,,0.0,active,,,,,0.0,,6772edbc297d75e3d50f58e2
6772ee0a297d75e3d50f58e9,671a02c2c0202050e0969548,Homestay Ma Lé,,0.0,"[{'url': 'https://res.cloudinary.com/dzy4gcw1k/image/upload/v1735585306/travel-social/file-1735585276465-simply-mersah-EwDEw-k3WAA-unsplash%20-%20Copy.jpg.jpg', 'publicId': 'travel-social/file-1735585276465-simply-mersah-EwDEw-k3WAA-unsplash - Copy.jpg', '_id': ObjectId('6772ee0a297d75e3d50f58ea')}, {'url': 'https://res.cloudinary.com/dzy4gcw1k/image/upload/v1735585310/travel-social/file-1735585279681-simply-mersah-EwDEw-k3WAA-unsplash.jpg.jpg', 'publicId': 'travel-social/file-1735585279681-simply-mersah-EwDEw-k3WAA-unsplash.jpg', '_id': ObjectId('6772ee0a297d75e3d50f58eb')}, {'url': 'https://res.cloudinary.com/dzy4gcw1k/image/upload/v1735585311/travel-social/file-1735585282803-simply-mersah-EwDEw-k3WAA-unsplash.jpg.jpg', 'publicId': 'travel-social/file-1735585282803-simply-mersah-EwDEw-k3WAA-unsplash.jpg', '_id': ObjectId('6772ee0a297d75e3d50f58ec')}, {'url': 'https://res.cloudinary.com/dzy4gcw1k/image/upload/v1735585314/travel-social/file-1735585282989-simply-mersah-vTK_fL-KrDI-unsplash.jpg.jpg', 'publicId': 'travel-social/file-1735585282989-simply-mersah-vTK_fL-KrDI-unsplash.jpg', '_id': ObjectId('6772ee0a297d75e3d50f58ed')}, {'url': 'https://res.cloudinary.com/dzy4gcw1k/image/upload/v1735585316/travel-social/file-1735585287104-filios-sazeides-lg3TETZvqv4-unsplash.jpg.jpg', 'publicId': 'travel-social/file-1735585287104-filios-sazeides-lg3TETZvqv4-unsplash.jpg', '_id': ObjectId('6772ee0a297d75e3d50f58ee')}]","Thôn Ma Lé, Xã Má Lé, Huyện Đồng Văn, Hà Giang",{'id': 'homestay'},2024-12-30 19:01:30.855000,,0.0,active,,,,,0.0,,6772ee0a297d75e3d50f58e9
6772eea8297d75e3d50f58f1,671a02c2c0202050e0969548,Khách sạn Mai Khanh,"Khách sạn
  Địa chỉ: 58 phạm Ngũ Lão, Phường 3, Thành phố Đà Lạt, Lâm Đồng
 Số phòng: 22
 Giá: 300.000 - 900.000
 Điện thoại cố định: 0263 3827 223
 Email: ksmaikhanh@gmail.com
 Thông tin do Cơ quan nhà nước quản lý",0.0,"[{'url': 'https://res.cloudinary.com/dzy4gcw1k/image/upload/v1735585470/travel-social/file-1735585441039-simply-mersah-EwDEw-k3WAA-unsplash.jpg.jpg', 'publicId': 'travel-social/file-1735585441039-simply-mersah-EwDEw-k3WAA-unsplash.jpg', '_id': ObjectId('6772eea8297d75e3d50f58f2')}, {'url': 'https://res.cloudinary.com/dzy4gcw1k/image/upload/v1735585473/travel-social/file-1735585444156-simply-mersah-EwDEw-k3WAA-unsplash.jpg.jpg', 'publicId': 'travel-social/file-1735585444156-simply-mersah-EwDEw-k3WAA-unsplash.jpg', '_id': ObjectId('6772eea8297d75e3d50f58f3')}, {'url': 'https://res.cloudinary.com/dzy4gcw1k/image/upload/v1735585473/travel-social/file-1735585446855-simply-mersah-vTK_fL-KrDI-unsplash.jpg.jpg', 'publicId': 'travel-social/file-1735585446855-simply-mersah-vTK_fL-KrDI-unsplash.jpg', '_id': ObjectId('6772eea8297d75e3d50f58f4')}]","58 phạm Ngũ Lão, Phường 3, Thành phố Đà Lạt, Lâm Đồng",{'id': 'hotel'},2024-12-30 19:04:08.298000,,0.0,active,,,,,0.0,,6772eea8297d75e3d50f58f1
6772ef36297d75e3d50f58f7,671a02c2c0202050e0969548,Khách sạn Mekong,"Nhà nghỉ du lịch
  Địa chỉ: 105 Thùy vân, Phường 2, Thành phố Vũng Tàu, Bà Rịa - Vũng Tàu
 Điện thoại cố định: 0254 6262 111
 Email: mekonghotel105@gmail.com
 Thông tin do Cơ quan nhà nước quản lý",0.0,"[{'url': 'https://res.cloudinary.com/dzy4gcw1k/image/upload/v1735585606/travel-social/file-1735585571924-simply-mersah-EwDEw-k3WAA-unsplash.jpg.jpg', 'publicId': 'travel-social/file-1735585571924-simply-mersah-EwDEw-k3WAA-unsplash.jpg', '_id': ObjectId('6772ef36297d75e3d50f58f8')}, {'url': 'https://res.cloudinary.com/dzy4gcw1k/image/upload/v1735585608/travel-social/file-1735585578705-simply-mersah-EwDEw-k3WAA-unsplash.jpg.jpg', 'publicId': 'travel-social/file-1735585578705-simply-mersah-EwDEw-k3WAA-unsplash.jpg', '_id': ObjectId('6772ef36297d75e3d50f58f9')}, {'url': 'https://res.cloudinary.com/dzy4gcw1k/image/upload/v1735585612/travel-social/file-1735585581418-filios-sazeides-lg3TETZvqv4-unsplash.jpg.jpg', 'publicId': 'travel-social/file-1735585581418-filios-sazeides-lg3TETZvqv4-unsplash.jpg', '_id': ObjectId('6772ef36297d75e3d50f58fa')}, {'url': 'https://res.cloudinary.com/dzy4gcw1k/image/upload/v1735585612/travel-social/file-1735585585307-teguhyudhatama-rNfBExgrjso-unsplash.jpg.jpg', 'publicId': 'travel-social/file-1735585585307-teguhyudhatama-rNfBExgrjso-unsplash.jpg', '_id': ObjectId('6772ef36297d75e3d50f58fb')}, {'url': 'https://res.cloudinary.com/dzy4gcw1k/image/upload/v1735585615/travel-social/file-1735585585656-alka-jha-lOxVZQc0W0U-unsplash.jpg.jpg', 'publicId': 'travel-social/file-1735585585656-alka-jha-lOxVZQc0W0U-unsplash.jpg', '_id': ObjectId('6772ef36297d75e3d50f58fc')}]","105 Thùy vân, Phường 2, Thành phố Vũng Tàu, Bà Rịa - Vũng Tàu",{'id': 'hotel'},2024-12-30 19:06:30.365000,,0.0,active,,,,,0.0,,6772ef36297d75e3d50f58f7
6772f01e297d75e3d50f58ff,671a02c2c0202050e0969548,Khách sạn Anh Linh 2,"Anh Linh 2 trực thuộc hệ thống Công ty TNHH Sản xuất - Thương mại và Dịch vụ Du Lịch Anh Linh. Là đơn vị hoạt động trong lĩnh vực du lịch khách sạn trên 20 năm tại Thành phố Đồng Hới, Tỉnh Quảng Bình. Với phương châm “Tất cả cho khách hàng” - “Khách hàng cho ta tất cả”; theo tiêu chí phục vụ “4 xin (xin chào - xin phép - xin lỗi - xin cảm ơn) và 4 luôn (Luôn mĩm cười - luôn nhẹ nhàng - luôn thấu hiểu - luôn giúp đỡ)”.
 

Khách sạn Anh Linh 2 luôn đồng hành bên những giây phút thư giãn của quý khách. 

Tọa lạc tại một vị trí tuyệt đẹp trên đường Trương Pháp nằm bên bờ sông Nhật Lệ huyền thoại, cách bãi tắm 100m. Anh Linh 2 chắc chắn sẽ đem lại cho Quý khách những giây phút nghỉ dưỡng tuyệt vời nhất. 

Tại đây, Quý khách có thể ngắm nhìn sông - biển Nhật Lệ và toàn cảnh thành phố Đồng Hới từ lúc bình minh lên trên biển Đông cho đến lúc mặt trời lặn xuống sau những rặn núi xanh biếc của dãy Trường Sơn Hùng vĩ. Về đêm, từ cửa sổ các phòng cũng như từ Skybar tầng 14 của khách sạn, quý khách có thể thưởng lãm đêm Đồng Hới lung linh, huyền ảo bên dòng sông Nhật Lệ. Với vị trí đắc địa, Anh Linh 2 rất thuận lợi cho du khách trong việc di chuyển đến trung tâm thành phố hoặc các điểm du lịch như: Hệ thống động Phong Nha - Kẻ Bàng, suối Moọc, Hang tối các điểm di tích lịch sử như Cổng Bình Quan, tượng đài Mẹ Suốt, thành cổ Đồng Hới. Du khách có thể tự do mua sắm tại chợ trung tâm Đồng Hới nhộn nhịp và tại các siêu thị trong thành phố. 

- Cách Trung tâm Thành phố 0.9km
- Cách sân bay Đồng Hới: 5km
- Cách chợ Đồng Hới: 1,5km
- Cách ga Đồng Hới: 3,5km

Với quy mô 14 tầng được trang bị 02 thang máy, hệ thống 60 phòng theo tiêu chuẩn 3 sao, được thiết kế theo phong cách sang trọng, hiện đại nhưng không kém phần ấm cúng. Tất cả các phòng có cửa sổ kính riêng hướng nhìn ra cửa biển, thành phố hoặc sông Nhật Lệ.. Các phòng đều được trang bị đầy đủ tiện nghi như: Truyền hình cáp, Tivi màn hình LCD, wifi, Ấm siêu tốc, máy sấy tóc,...Ngoài ra, Anh Linh 2 còn có phòng hội nghị với sức chứa 150 khách trang bị đầy đủ thiết bị hiện đại: máy chiếu, sân khấu di động…, hệ thống nhà hàng với sức chứa trên 150 khách, quầy bar sân thượng có thể tổ chức Tiệc gala dinner cho hơn 100 khách với đội ngũ nhân viên tận tình, chuyên nghiệp, yêu nghề và thân thiện. 

Khách sạn Anh Linh 2 tạo nên không gian thoải mái với những tiện nghi hàng đầu, thực sự đem lại sự hài lòng cho Quý khách - Là một điểm đến không thể bỏ qua cho kỳ nghỉ cũng như những chuyến công tác của bạn. 

Mọi thông tin chi tiết, xin Quý khách vui lòng liên hệ:
  
KHÁCH SẠN ANH LINH 2
Địa chỉ: 55 - Trương Pháp, Đồng Hới, Quảng Bình
Tel:  02323 796 999
Đặt phòng : 02323 796 998
Hotline: 0988 080 887 - 0916 730 363
Email: bookings@anhlinhhotel.com",0.0,"[{'url': 'https://res.cloudinary.com/dzy4gcw1k/image/upload/v1735585846/travel-social/file-1735585816719-1_.jpg.jpg', 'publicId': 'travel-social/file-1735585816719-1_.jpg', '_id': ObjectId('6772f01e297d75e3d50f5900')}, {'url': 'https://res.cloudinary.com/dzy4gcw1k/image/upload/v1735585845/travel-social/file-1735585816721-2_.jpg.jpg', 'publicId': 'travel-social/file-1735585816721-2_.jpg', '_id': ObjectId('6772f01e297d75e3d50f5901')}, {'url': 'https://res.cloudinary.com/dzy4gcw1k/image/upload/v1735585847/travel-social/file-1735585818394-3_.jpg.jpg', 'publicId': 'travel-social/file-1735585818394-3_.jpg', '_id': ObjectId('6772f01e297d75e3d50f5902')}, {'url': 'https://res.cloudinary.com/dzy4gcw1k/image/upload/v1735585848/travel-social/file-1735585818396-4_.jpg.jpg', 'publicId': 'travel-social/file-1735585818396-4_.jpg', '_id': ObjectId('6772f01e297d75e3d50f5903')}]","55 Trương Pháp, Phường Hải Thành, Thành Phố Đồng Hới, Quảng Bình",{'id': 'hotel'},2024-12-30 19:10:22.204000,,0.0,active,,,,,0.0,,6772f01e297d75e3d50f58ff
6772f210297d75e3d50f5907,671a02c2c0202050e0969548,Khách sạn AP Plaza,"Tọa lạc ngay trung tâm thành phố Hòa Bình, giữa khung cảnh nên thơ và thanh bình của núi rừng Hòa Bình. Khách sạn AP PLAZAđược thiên nhiên ưu đãi cả về cảnh quan cũng như vị trí địa lý.

 

Với diện tích trên 16.000m2 mặt bằng dành cho các hoạt động kinh doanh theo tiêu chuẩn trung tâm thương mại hạng A, gồm: Khách sạn, nhà hàng, hội trường, siêu thị, vui chơi giải trí, chăm sóc sức khỏe, chăm sóc sắc đẹp. Khách sạn AP PLAZA tiêu chuẩn 3 sao, được thiết kế theo phong cách sang trọng hiện đại. Đồng bộ về kiến trúc và nội thất. 

Hệ thống 52 phòng ngủ bao gồm: Phòng Căn hộ, phòng VIP, Phòng Deluxe, phòng Superior và phòng Standard đầy đủ tiện nghi, nội thất sang trọng – trang nhã cùng phong cách phục vụ chuyên nghiệp của đội ngũ nhân viên trẻ trung, năng động sẽ làm hài lòng quý khách. 

Là nơi khách hàng tận hưởng cuộc sống. Khách sạn sẵn sàng đáp ứng được tất cả các nhu cầu khác nhau của Khách hàng. Và điểm tuyệt vời nhất của khách sạn AP PLAZA là các phòng đều hướng ra dòng Sông Đà hùng vĩ, giúp du khách có thể vừa nghỉ ngơi trong không gian đầy đủ tiện nghi, vừa có thể ngắm nhìn và chiêm ngưỡng phong cảnh sông núi nên thơ cùng với nhịp sống hiền hoà mến khách của con người Hòa Bình. Các dịch vụ đi kèm hoàn hảo càng thể hiện sự chuyên nghiệp của khách sạn AP PLAZA.

Standard Room

Phòng một giường đôi hoặc 2 giường đơn, với đầy đủ trang thiết bị nhỏ gọn, ấm cúng.

Superior Room

Phòng 02 giường đơn. Tầm nhìn phong cảnh sông núi, thành phố, với đầy đủ tiện nghi sang trọng, lịch sự.

Deluxe Suite

Từ mỗi phòng nghỉ có thể nhìn toàn cảnh Đập thủy điện và Thành Phố Hòa Bình hòa quyện trong bức họa thủy mặc của thiên nhiên trong lành.

Deluxe Suite ( Triple Room)

Từ mỗi phòng nghỉ có thể nhìn toàn cảnh Đập thủy điện và Thành Phố Hòa Bình hòa quyện trong bức họa thủy mặc của thiên nhiên trong lành.

Phòng VIP

Diện tích 60m2, nội thất sang trọng, cao cấp. View cảnh sông Đà.

Căn hộ

Với đầy đủ tiện nghi: gồm 2 phòng ngủ, phòng khách, phòng bếp- phòng ăn và phòng tắm. Phòng ngủ ngắm toàn cảnh sông Đà thơ mộng, trữ tình và phong cảnh núi non hùng vĩ rất đặc trưng của vùng núi phía Tây Bắc.

Bạn đang có ý định du lịch Hòa Bình và đang phân vân không biết chọn cho mình một khách sạn nào phù hợp? Để vừa tiện lợi cho việc du lịch, vừa thư giãn nghỉ ngơi sau chuyến du hành khám phá Hòa Bình xinh đẹp, khách sạn AP Plaza là sự lựa chọn không thể bỏ qua.

Vị trí nằm ngay trung tâm thành phố, trên con đường Cù Chính Lan, cùng trong tòa nhà bao gồm rất nhiều dịch vụ : khu vui chơi giải trí, khu ăn uống, mua sắm, bar -café,… Từ khách sạn bạn có thể nhìn được toàn cảnh sông Đà đầy thơ mộng.
Khách sạn tổng cộng có 50 phòng nghỉ sang trọng, lịch sự đạt chuẩn 3 sao, bao gồm các loại phòng : Superior, Deluxe, VIP, được trang bị các thiết bị tiện nghi, sạch sẽ, sang trọng sẽ mang đến cho quý khách bầu không khí ấm cúng, thư giãn và thoải mái. 

Ngoài trang thiết bị hiện đại, một trong những lý do khiến Khách sạn AP Palza được nhiều du khách lựa chọn và là điểm đến quen thuộc mỗi khi có dịp tham quan tại Hòa Bình chính là đội ngũ nhân viên phục vụ nhiệt tình và chu đáo, luôn sẵn sàng đáp ứng nhu cầu của khách hàng, mang lại cho du khách sự thoải mái như đang ở chính ngôi nhà của mình. 
Khách sạn còn nằm gần các khu mua sắm, các cơ sở ban ngành, các văn phòng làm việc, thuận tiện cho khách đi lại mua sắm, và làm việc..

Từ khách sạn Quý khách dễ dàng đến thăm các địa điềm du lịch nổi tiếng ở Hòa Bình như:

• Đập thủy điện Hòa Bình, cách khoảng 3km
• Khu du lịch Thung Nai - Đền chúa Thác Bờ, cách khoảng 25km
• Khu du lịch suối khoáng Kim Bôi, cách khoảng 30km
• Cửu Thác Tú Sơn, cách khoảng 20km
• Khu du lịch hang Đầu Rồng- Đền Thượng Bồng Lai, cách khoảng 20km
• Công viên di sản các nhà khoa học Việt Nam, cách khoảng 20km",0.0,"[{'url': 'https://res.cloudinary.com/dzy4gcw1k/image/upload/v1735586343/travel-social/file-1735586313501-1_%20%281%29.jpg.jpg', 'publicId': 'travel-social/file-1735586313501-1_ (1).jpg', '_id': ObjectId('6772f210297d75e3d50f5908')}, {'url': 'https://res.cloudinary.com/dzy4gcw1k/image/upload/v1735586342/travel-social/file-1735586313503-2_%20%281%29.jpg.jpg', 'publicId': 'travel-social/file-1735586313503-2_ (1).jpg', '_id': ObjectId('6772f210297d75e3d50f5909')}, {'url': 'https://res.cloudinary.com/dzy4gcw1k/image/upload/v1735586344/travel-social/file-1735586315301-3_%20%281%29.jpg.jpg', 'publicId': 'travel-social/file-1735586315301-3_ (1).jpg', '_id': ObjectId('6772f210297d75e3d50f590a')}, {'url': 'https://res.cloudinary.com/dzy4gcw1k/image/upload/v1735586344/travel-social/file-1735586315305-4_%20%281%29.jpg.jpg', 'publicId': 'travel-social/file-1735586315305-4_ (1).jpg', '_id': ObjectId('6772f210297d75e3d50f590b')}, {'url': 'https://res.cloudinary.com/dzy4gcw1k/image/upload/v1735586343/travel-social/file-1735586316946-5_.jpg.jpg', 'publicId': 'travel-social/file-1735586316946-5_.jpg', '_id': ObjectId('6772f210297d75e3d50f590c')}, {'url': 'https://res.cloudinary.com/dzy4gcw1k/image/upload/v1735586346/travel-social/file-1735586316947-6_.jpg.jpg', 'publicId': 'travel-social/file-1735586316947-6_.jpg', '_id': ObjectId('6772f210297d75e3d50f590d')}]","SN 718, đường Cù Chính Lan, Phường Đồng Tiến, Thành phố Hòa Bình, Hoà Bình",{'id': 'hotel'},2024-12-30 19:18:40.731000,,0.0,active,,,,,0.0,,6772f210297d75e3d50f5907
6772f21d297d75e3d50f5910,671a02c2c0202050e0969548,Khách sạn AP Plaza,"Tọa lạc ngay trung tâm thành phố Hòa Bình, giữa khung cảnh nên thơ và thanh bình của núi rừng Hòa Bình. Khách sạn AP PLAZAđược thiên nhiên ưu đãi cả về cảnh quan cũng như vị trí địa lý.

 

Với diện tích trên 16.000m2 mặt bằng dành cho các hoạt động kinh doanh theo tiêu chuẩn trung tâm thương mại hạng A, gồm: Khách sạn, nhà hàng, hội trường, siêu thị, vui chơi giải trí, chăm sóc sức khỏe, chăm sóc sắc đẹp. Khách sạn AP PLAZA tiêu chuẩn 3 sao, được thiết kế theo phong cách sang trọng hiện đại. Đồng bộ về kiến trúc và nội thất. 

Hệ thống 52 phòng ngủ bao gồm: Phòng Căn hộ, phòng VIP, Phòng Deluxe, phòng Superior và phòng Standard đầy đủ tiện nghi, nội thất sang trọng – trang nhã cùng phong cách phục vụ chuyên nghiệp của đội ngũ nhân viên trẻ trung, năng động sẽ làm hài lòng quý khách. 

Là nơi khách hàng tận hưởng cuộc sống. Khách sạn sẵn sàng đáp ứng được tất cả các nhu cầu khác nhau của Khách hàng. Và điểm tuyệt vời nhất của khách sạn AP PLAZA là các phòng đều hướng ra dòng Sông Đà hùng vĩ, giúp du khách có thể vừa nghỉ ngơi trong không gian đầy đủ tiện nghi, vừa có thể ngắm nhìn và chiêm ngưỡng phong cảnh sông núi nên thơ cùng với nhịp sống hiền hoà mến khách của con người Hòa Bình. Các dịch vụ đi kèm hoàn hảo càng thể hiện sự chuyên nghiệp của khách sạn AP PLAZA.

Standard Room

Phòng một giường đôi hoặc 2 giường đơn, với đầy đủ trang thiết bị nhỏ gọn, ấm cúng.

Superior Room

Phòng 02 giường đơn. Tầm nhìn phong cảnh sông núi, thành phố, với đầy đủ tiện nghi sang trọng, lịch sự.

Deluxe Suite

Từ mỗi phòng nghỉ có thể nhìn toàn cảnh Đập thủy điện và Thành Phố Hòa Bình hòa quyện trong bức họa thủy mặc của thiên nhiên trong lành.

Deluxe Suite ( Triple Room)

Từ mỗi phòng nghỉ có thể nhìn toàn cảnh Đập thủy điện và Thành Phố Hòa Bình hòa quyện trong bức họa thủy mặc của thiên nhiên trong lành.

Phòng VIP

Diện tích 60m2, nội thất sang trọng, cao cấp. View cảnh sông Đà.

Căn hộ

Với đầy đủ tiện nghi: gồm 2 phòng ngủ, phòng khách, phòng bếp- phòng ăn và phòng tắm. Phòng ngủ ngắm toàn cảnh sông Đà thơ mộng, trữ tình và phong cảnh núi non hùng vĩ rất đặc trưng của vùng núi phía Tây Bắc.

Bạn đang có ý định du lịch Hòa Bình và đang phân vân không biết chọn cho mình một khách sạn nào phù hợp? Để vừa tiện lợi cho việc du lịch, vừa thư giãn nghỉ ngơi sau chuyến du hành khám phá Hòa Bình xinh đẹp, khách sạn AP Plaza là sự lựa chọn không thể bỏ qua.

Vị trí nằm ngay trung tâm thành phố, trên con đường Cù Chính Lan, cùng trong tòa nhà bao gồm rất nhiều dịch vụ : khu vui chơi giải trí, khu ăn uống, mua sắm, bar -café,… Từ khách sạn bạn có thể nhìn được toàn cảnh sông Đà đầy thơ mộng.
Khách sạn tổng cộng có 50 phòng nghỉ sang trọng, lịch sự đạt chuẩn 3 sao, bao gồm các loại phòng : Superior, Deluxe, VIP, được trang bị các thiết bị tiện nghi, sạch sẽ, sang trọng sẽ mang đến cho quý khách bầu không khí ấm cúng, thư giãn và thoải mái. 

Ngoài trang thiết bị hiện đại, một trong những lý do khiến Khách sạn AP Palza được nhiều du khách lựa chọn và là điểm đến quen thuộc mỗi khi có dịp tham quan tại Hòa Bình chính là đội ngũ nhân viên phục vụ nhiệt tình và chu đáo, luôn sẵn sàng đáp ứng nhu cầu của khách hàng, mang lại cho du khách sự thoải mái như đang ở chính ngôi nhà của mình. 
Khách sạn còn nằm gần các khu mua sắm, các cơ sở ban ngành, các văn phòng làm việc, thuận tiện cho khách đi lại mua sắm, và làm việc..

Từ khách sạn Quý khách dễ dàng đến thăm các địa điềm du lịch nổi tiếng ở Hòa Bình như:

• Đập thủy điện Hòa Bình, cách khoảng 3km
• Khu du lịch Thung Nai - Đền chúa Thác Bờ, cách khoảng 25km
• Khu du lịch suối khoáng Kim Bôi, cách khoảng 30km
• Cửu Thác Tú Sơn, cách khoảng 20km
• Khu du lịch hang Đầu Rồng- Đền Thượng Bồng Lai, cách khoảng 20km
• Công viên di sản các nhà khoa học Việt Nam, cách khoảng 20km",0.0,"[{'url': 'https://res.cloudinary.com/dzy4gcw1k/image/upload/v1735586356/travel-social/file-1735586327036-1_%20%281%29.jpg.jpg', 'publicId': 'travel-social/file-1735586327036-1_ (1).jpg', '_id': ObjectId('6772f21d297d75e3d50f5911')}, {'url': 'https://res.cloudinary.com/dzy4gcw1k/image/upload/v1735586356/travel-social/file-1735586327038-2_%20%281%29.jpg.jpg', 'publicId': 'travel-social/file-1735586327038-2_ (1).jpg', '_id': ObjectId('6772f21d297d75e3d50f5912')}, {'url': 'https://res.cloudinary.com/dzy4gcw1k/image/upload/v1735586357/travel-social/file-1735586328686-3_%20%281%29.jpg.jpg', 'publicId': 'travel-social/file-1735586328686-3_ (1).jpg', '_id': ObjectId('6772f21d297d75e3d50f5913')}, {'url': 'https://res.cloudinary.com/dzy4gcw1k/image/upload/v1735586357/travel-social/file-1735586328690-4_%20%281%29.jpg.jpg', 'publicId': 'travel-social/file-1735586328690-4_ (1).jpg', '_id': ObjectId('6772f21d297d75e3d50f5914')}, {'url': 'https://res.cloudinary.com/dzy4gcw1k/image/upload/v1735586357/travel-social/file-1735586330305-5_.jpg.jpg', 'publicId': 'travel-social/file-1735586330305-5_.jpg', '_id': ObjectId('6772f21d297d75e3d50f5915')}, {'url': 'https://res.cloudinary.com/dzy4gcw1k/image/upload/v1735586359/travel-social/file-1735586330306-6_.jpg.jpg', 'publicId': 'travel-social/file-1735586330306-6_.jpg', '_id': ObjectId('6772f21d297d75e3d50f5916')}]","SN 718, đường Cù Chính Lan, Phường Đồng Tiến, Thành phố Hòa Bình, Hoà Bình",{'id': 'hotel'},2024-12-30 19:18:53.485000,,0.0,active,,,,,0.0,,6772f21d297d75e3d50f5910
6772f307297d75e3d50f5919,671a02c2c0202050e0969548,Khách sạn nghỉ dưỡng Sepon Boutique,"Khách sạn 
  Địa chỉ: Khu phố 7, thị trấn Cửa Việt, huyện Gio Linh, tỉnh Quảng Trị, Thị trấn Cửa Việt, Huyện Gio Linh, Quảng Trị
 Số phòng: 48
 Giá: 300.000 - 3.500.000
 Điện thoại cố định: 0233 3824 668
 Fax: 0233 3824 555
 Email: info@sepon-boutique-resort.com
 Website: www.sepon-boutique-resort.com
 Thông tin do Cơ quan nhà nước quản lý",0.0,"[{'url': 'https://res.cloudinary.com/dzy4gcw1k/image/upload/v1735586591/travel-social/file-1735586563585-4_%20%281%29.jpg.jpg', 'publicId': 'travel-social/file-1735586563585-4_ (1).jpg', '_id': ObjectId('6772f307297d75e3d50f591a')}, {'url': 'https://res.cloudinary.com/dzy4gcw1k/image/upload/v1735586592/travel-social/file-1735586563588-5_.jpg.jpg', 'publicId': 'travel-social/file-1735586563588-5_.jpg', '_id': ObjectId('6772f307297d75e3d50f591b')}]","Địa chỉ: Khu phố 7, thị trấn Cửa Việt, huyện Gio Linh, tỉnh Quảng Trị, Thị trấn Cửa Việt, Huyện Gio Linh, Quảng Trị",{'id': 'hotel'},2024-12-30 19:22:47.009000,,0.0,active,,,,,0.0,,6772f307297d75e3d50f5919
6772f36f297d75e3d50f591e,671a02c2c0202050e0969548,Khách sạn Cà phê Tuấn Vũ,"Khách sạn 
  Địa chỉ: 135/1 Ngô Quyền, Phường Tân Lập, Thành phố Buôn Ma Thuột, Đắk Lắk
 Số phòng: 85
 Giá: 355.000 - 1.085.000
 Điện thoại cố định: 0262 6252 252
 Fax: 0262 3954 774
 Email: tuanvuhotelbmt@gmail.com/ tuanvutimexcovietnam@yahoo.com.vn
 Website: www.tuanvuhotel.vn
 Thông tin do Cơ quan nhà nước quản lý",0.0,"[{'url': 'https://res.cloudinary.com/dzy4gcw1k/image/upload/v1735586696/travel-social/file-1735586667915-4_%20%281%29.jpg.jpg', 'publicId': 'travel-social/file-1735586667915-4_ (1).jpg', '_id': ObjectId('6772f36f297d75e3d50f591f')}, {'url': 'https://res.cloudinary.com/dzy4gcw1k/image/upload/v1735586697/travel-social/file-1735586667917-5_.jpg.jpg', 'publicId': 'travel-social/file-1735586667917-5_.jpg', '_id': ObjectId('6772f36f297d75e3d50f5920')}]","135/1 Ngô Quyền, Phường Tân Lập, Thành phố Buôn Ma Thuột, Đắk Lắk",{'id': 'hotel'},2024-12-30 19:24:31.347000,,0.0,active,,,,,0.0,,6772f36f297d75e3d50f591e
6772f3e8297d75e3d50f5923,671a02c2c0202050e0969548,Khách sạn Hải Anh,"Khách sạn
  Địa chỉ: 44B Phó Đức Chính, Phường Thắng Tam, Thành phố Vũng Tàu, Bà Rịa - Vũng Tàu
 Số phòng: 21
 Điện thoại cố định: 0254 3616 333
 Fax: 0254 3600 767
 Email: haianhkhachsan@gmail.com
 Thông tin do Cơ quan nhà nước quản lý",0.0,"[{'url': 'https://res.cloudinary.com/dzy4gcw1k/image/upload/v1735586818/travel-social/file-1735586788718-4_%20%281%29.jpg.jpg', 'publicId': 'travel-social/file-1735586788718-4_ (1).jpg', '_id': ObjectId('6772f3e8297d75e3d50f5924')}, {'url': 'https://res.cloudinary.com/dzy4gcw1k/image/upload/v1735586818/travel-social/file-1735586788720-5_.jpg.jpg', 'publicId': 'travel-social/file-1735586788720-5_.jpg', '_id': ObjectId('6772f3e8297d75e3d50f5925')}]","44B Phó Đức Chính, Phường Thắng Tam, Thành phố Vũng Tàu, Bà Rịa - Vũng Tàu",{'id': 'hotel'},2024-12-30 19:26:32.200000,,0.0,active,,,,,0.0,,6772f3e8297d75e3d50f5923
6772f3fe297d75e3d50f5928,671a02c2c0202050e0969548,Khách sạn Hải Anh,"Khách sạn
  Địa chỉ: 44B Phó Đức Chính, Phường Thắng Tam, Thành phố Vũng Tàu, Bà Rịa - Vũng Tàu
 Số phòng: 21
 Điện thoại cố định: 0254 3616 333
 Fax: 0254 3600 767
 Email: haianhkhachsan@gmail.com
 Thông tin do Cơ quan nhà nước quản lý",0.0,"[{'url': 'https://res.cloudinary.com/dzy4gcw1k/image/upload/v1735586839/travel-social/file-1735586810810-4_%20%281%29.jpg.jpg', 'publicId': 'travel-social/file-1735586810810-4_ (1).jpg', '_id': ObjectId('6772f3fe297d75e3d50f5929')}, {'url': 'https://res.cloudinary.com/dzy4gcw1k/image/upload/v1735586839/travel-social/file-1735586810814-5_.jpg.jpg', 'publicId': 'travel-social/file-1735586810814-5_.jpg', '_id': ObjectId('6772f3fe297d75e3d50f592a')}]","44B Phó Đức Chính, Phường Thắng Tam, Thành phố Vũng Tàu, Bà Rịa - Vũng Tàu",{'id': 'hotel'},2024-12-30 19:26:54.185000,,0.0,active,,,,,0.0,,6772f3fe297d75e3d50f5928
6773e57787afd958c3bbb339,671a02c2c0202050e0969548,Khách sạn Hải Anh 2,"Khách sạn
  Địa chỉ: 44B Phó Đức Chính, Phường Thắng Tam, Thành phố Vũng Tàu, Bà Rịa - Vũng Tàu
 Số phòng: 21
 Điện thoại cố định: 0254 3616 333
 Fax: 0254 3600 767
 Email: haianhkhachsan@gmail.com
 Thông tin do Cơ quan nhà nước quản lý",0.0,"[{'url': 'https://res.cloudinary.com/dzy4gcw1k/image/upload/v1735648655/travel-social/file-1735648625420-4_%20%281%29.jpg.jpg', 'publicId': 'travel-social/file-1735648625420-4_ (1).jpg', '_id': ObjectId('6773e57787afd958c3bbb33a')}, {'url': 'https://res.cloudinary.com/dzy4gcw1k/image/upload/v1735648656/travel-social/file-1735648625431-5_.jpg.jpg', 'publicId': 'travel-social/file-1735648625431-5_.jpg', '_id': ObjectId('6773e57787afd958c3bbb33b')}]","44B Phó Đức Chính, Phường Thắng Tam, Thành phố Vũng Tàu, Bà Rịa - Vũng Tàu",{'id': 'hotel'},2024-12-31 12:37:11.033000,,0.0,active,,,,,0.0,,6773e57787afd958c3bbb339
6773e64087afd958c3bbb33e,671a02c2c0202050e0969548,Khách sạn Hải Anh 3,"Khách sạn
  Địa chỉ: 44B Phó Đức Chính, Phường Thắng Tam, Thành phố Vũng Tàu, Bà Rịa - Vũng Tàu
 Số phòng: 21
 Điện thoại cố định: 0254 3616 333
 Fax: 0254 3600 767
 Email: haianhkhachsan@gmail.com
 Thông tin do Cơ quan nhà nước quản lý",0.0,"[{'url': 'https://res.cloudinary.com/dzy4gcw1k/image/upload/v1735648858/travel-social/file-1735648826795-4_%20%281%29.jpg.jpg', 'publicId': 'travel-social/file-1735648826795-4_ (1).jpg', '_id': ObjectId('6773e64087afd958c3bbb33f')}, {'url': 'https://res.cloudinary.com/dzy4gcw1k/image/upload/v1735648856/travel-social/file-1735648826800-5_.jpg.jpg', 'publicId': 'travel-social/file-1735648826800-5_.jpg', '_id': ObjectId('6773e64087afd958c3bbb340')}]","44B Phó Đức Chính, Phường Thắng Tam, Thành phố Vũng Tàu, Bà Rịa - Vũng Tàu",{'id': 'hotel'},2024-12-31 12:40:32.322000,,0.0,active,,,,,0.0,,6773e64087afd958c3bbb33e
6773e6a387afd958c3bbb343,671a02c2c0202050e0969548,Khách sạn Hải Anh 4,"Khách sạn
  Địa chỉ: 44B Phó Đức Chính, Phường Thắng Tam, Thành phố Vũng Tàu, Bà Rịa - Vũng Tàu
 Số phòng: 21
 Điện thoại cố định: 0254 3616 333
 Fax: 0254 3600 767
 Email: haianhkhachsan@gmail.com
 Thông tin do Cơ quan nhà nước quản lý",0.0,"[{'url': 'https://res.cloudinary.com/dzy4gcw1k/image/upload/v1735648957/travel-social/file-1735648927106-4_%20%281%29.jpg.jpg', 'publicId': 'travel-social/file-1735648927106-4_ (1).jpg', '_id': ObjectId('6773e6a387afd958c3bbb344')}, {'url': 'https://res.cloudinary.com/dzy4gcw1k/image/upload/v1735648956/travel-social/file-1735648927108-5_.jpg.jpg', 'publicId': 'travel-social/file-1735648927108-5_.jpg', '_id': ObjectId('6773e6a387afd958c3bbb345')}]","44B Phó Đức Chính, Phường Thắng Tam, Thành phố Vũng Tàu, Bà Rịa - Vũng Tàu",,2024-12-31 12:42:11.307000,,0.0,active,,,,,0.0,,6773e6a387afd958c3bbb343
6773ea1983cb201c86c64b56,671a02c2c0202050e0969548,Hotel Thanh Xuan,,0.0,"[{'url': 'https://res.cloudinary.com/dzy4gcw1k/image/upload/v1735649815/travel-social/file-1735649812267-avt.jpg.jpg', 'publicId': 'travel-social/file-1735649812267-avt.jpg', '_id': ObjectId('6773ea1983cb201c86c64b57')}, {'url': 'https://res.cloudinary.com/dzy4gcw1k/image/upload/v1735649815/travel-social/file-1735649812268-Ba%CC%89n%20%C4%91e%CC%82%CC%80%20xua%CC%82%CC%81t%20du%CC%9B%CC%A3%20a%CC%81n%20Thuye%CC%82%CC%81t%20tri%CC%80nh%20doanh%20nghie%CC%A3%CC%82p%20theo%20Phong%20ca%CC%81ch%20Co%CC%82ng%20nghe%CC%A3%CC%82%20Tru%CC%9B%CC%80u%20tu%CC%9Bo%CC%9B%CC%A3ng%20Xanh%20du%CC%9Bo%CC%9Bng%20%C4%90a%CC%A3%CC%82m%20Ho%CC%82%CC%80ng.jpg.jpg', 'publicId': 'travel-social/file-1735649812268-Bản đề xuất dự án Thuyết trình doanh nghiệp theo Phong cách Công nghệ Trừu tượng Xanh dương Đậm Hồng.jpg', '_id': ObjectId('6773ea1983cb201c86c64b58')}, {'url': 'https://res.cloudinary.com/dzy4gcw1k/image/upload/v1735649816/travel-social/file-1735649812275-color.jpg.jpg', 'publicId': 'travel-social/file-1735649812275-color.jpg', '_id': ObjectId('6773ea1983cb201c86c64b59')}]",Da Nang,"{'id': 'hotel', 'cateName': 'Khách sạn'}",2024-12-31 12:56:57.572000,,0.0,active,,,,,0.0,,6773ea1983cb201c86c64b56
67756e661098b792072854bc,671a02c2c0202050e0969548,Bốn Triệu Homestay,"Bốn Triệu Homestay là homestay ở Buôn Ma Thuột có sự kết hợp hài hòa giữa phong cách hiện đại và tính truyền thống. Tại đây có các căn nhà nhỏ phù hợp với gia đình, cặp đôi và các phòng dorm cho nhóm đông người. Sân vườn tỉ mỉ với các sắp xếp từng chậu hoa cảnh, từng hòn đá và dòng nước.

Được tạo khối theo phong cách cổ truyền hiện đại, mạch dân tộc đặc trưng qua mái gạch ngói đơn sơ hình dốc kết hợp với những khối hình tương xứng. Đá tự nhiên, cây cảnh mang đến sự thảnh thơi, yên bình. Phòng ốc cũng đầy đủ tiện nghi, được trang trí sang trọng đã khiến du khách xuýt xoa, không nỡ rời chân.",0.0,"[{'url': 'https://res.cloudinary.com/dzy4gcw1k/image/upload/v1735749244/travel-social/file-1735749214397-BontrieuHomestay01.jpg.jpg', 'publicId': 'travel-social/file-1735749214397-BontrieuHomestay01.jpg', '_id': ObjectId('67756e661098b792072854bd')}, {'url': 'https://res.cloudinary.com/dzy4gcw1k/image/upload/v1735749246/travel-social/file-1735749216493-BontrieuHomestay02.jpg.jpg', 'publicId': 'travel-social/file-1735749216493-BontrieuHomestay02.jpg', '_id': ObjectId('67756e661098b792072854be')}, {'url': 'https://res.cloudinary.com/dzy4gcw1k/image/upload/v1735749246/travel-social/file-1735749216496-BontrieuHomestay03.jpg.jpg', 'publicId': 'travel-social/file-1735749216496-BontrieuHomestay03.jpg', '_id': ObjectId('67756e661098b792072854bf')}, {'url': 'https://res.cloudinary.com/dzy4gcw1k/image/upload/v1735749248/travel-social/file-1735749218470-BontrieuHomestay04.jpg.jpg', 'publicId': 'travel-social/file-1735749218470-BontrieuHomestay04.jpg', '_id': ObjectId('67756e661098b792072854c0')}]","333A đường Quang Trung, Phường Thống Nhất, Thành phố Buôn Ma Thuột, Đắk Lắk","{'id': 'hotel', 'cateName': 'Khách sạn'}",2025-01-01 16:33:42.547000,,0.0,active,,,,,0.0,,67756e661098b792072854bc
67756edb1098b792072854c3,671a02c2c0202050e0969548,Mường Thanh Homestay,"Nhắc đến những homestay nổi tiếng nhất tại Điện Biên không thể bỏ qua tên Mường Thanh. Tại Điện Biên hầu như những nhà nghỉ đều được xây dựng theo hình thức bản làng. Đây là dạng nhà nghỉ đặc thù ở Điện Biên.

Homestay Mường Thanh là dạng homestay nhà bình thường. Những phòng nghỉ được trang bị với các tiện nghi đầy đủ nhất. Đặc biệt tại Homestay có các dịch vụ cho thuê xe máy, xe điện và có các dịch vụ phục vụ ăn uống. Đây là một trong những homestay Điện Biên được nhiều khách du lịch tìm đến. Mặc dù không mang phong cách nhà bản mường nhưng rất đầy đủ tiện nghi.

Mường Thanh là một trong những homestay ở Điện Biên Phủ có mức giá rất rẻ. Chỉ với 100.000vnđ/người/đêm. Nếu thuê ở cả một ngày một đêm cho một người cũng chỉ mất 200.000vnđ. Một mức giá quá yêu thương cho những vị khách du lịch bụi tự túc.

Địa chỉ của homestay nằm ở số 70 Group 19, Hoàng Công Chất, Điện Biên Phủ. Khi đến đây, để tiện cho việc đặt phòng trước hoặc kiểm tra lại địa chỉ có thể liên hệ trực tiếp với sđt: 098 675 68 99. Đây là homestay được nhiều khách du lịch lựa chọn vì vậy hãy liên hệ trước để đặt phòng nhé!",0.0,"[{'url': 'https://res.cloudinary.com/dzy4gcw1k/image/upload/v1735749365/travel-social/file-1735749334973-HomestayMuongthanh01.jpg.jpg', 'publicId': 'travel-social/file-1735749334973-HomestayMuongthanh01.jpg', '_id': ObjectId('67756edb1098b792072854c4')}]","70 Hoàng Công Chất, Phường Mường Thanh, Thành phố Điện Biên Phủ, Điện Biên","{'id': 'homestay', 'cateName': 'Homestay'}",2025-01-01 16:35:39.584000,,0.0,active,,,,,0.0,,67756edb1098b792072854c3
67756fcc903ddd27c7719022,671a02c2c0202050e0969548,Thung Lũng Hoa Hồng Homestay,"Đến với Điện Biên, bạn có thể dành thời gian khám phá nhiều điểm đến nổi tiếng. Nhưng đừng quên ghé thăm Thung Lũng Hoa Hồng Homestay tọa lạc tại xã Thanh Hưng, huyện Điện Biên. Đây là một khu vườn trồng hoa có diện tích rộng lớn, không gian được quy mô bài bản để tạo thành điểm du lịch hấp dẫn ở vùng Tây Bắc. 

Thung Lũng Hoa Hồng Homestay nằm giữa những ngọn đồi hoa sơ, xanh mượt. Nơi đây có không gian trong lành, thoáng đãng cùng đất đai màu mỡ. Nhờ thế mà hoa hồng tươi tốt, có đủ các loại hồng nội, hồng ngoại với hương thơm thoang thoảng, sắc hoa rực rỡ bốn mùa. 

Bước chân vào Thung Lũng Hoa Hồng Homestay ở miền Bắc này, du khách có cảm tưởng như đang lạc giữa trời Âu hoặc ngược dòng thời gian để trở về thế giới cổ tích. Những khu vườn trồng hoa hồng rộng lớn, sắc hoa bung nở dưới ánh nắng mai thay cho lời mời gọi, chào đón. ",0.0,"[{'url': 'https://res.cloudinary.com/dzy4gcw1k/image/upload/v1735749606/travel-social/file-1735749576636-Thunglunghoahong03.jpg.jpg', 'publicId': 'travel-social/file-1735749576636-Thunglunghoahong03.jpg', '_id': ObjectId('67756fcc903ddd27c7719023')}]","70 Hoàng Công Chất, Phường Mường Thanh, Thành phố Điện Biên Phủ, Điện Biên","{'id': 'homestay', 'cateName': 'Homestay'}",2025-01-01 16:39:40.562000,thung-lung-hoa-hong-homestay-70-hoang-cong-chat-phuong-muong-thanh-thanh-pho-ien-bien-phu-ien-bien,0.0,active,,,,,0.0,,67756fcc903ddd27c7719022
6775701f903ddd27c7719026,671a02c2c0202050e0969548,Làng Biển Homestay,"Làng Biển Homestay, ngôi nhà nhỏ nằm sát bãi tắm Mỹ Khê, TP Quảng ngãi - một không gian hoà quyện thiên nhiên dành cho du khách yêu thích khám phá vẻ đẹp tự nhiên.

Gẫn bãi biển Mỹ Khê là những xóm chài yên bình khép mình bên mặt biển mênh mông, lác đác tàu thuyền neo đậu. Trên bờ là những chiếc thuyền câu, thuyền thúng đơn sơ nằm phơi mình trong nắng gió, như phác hoạ thêm nét chấm phá bình dị trên triền cát trắng.

Hoà mình với không gian thiên nhiên ấy, Làng Biển Homestay với những mái lá dừa nước đặc trưng của vùng biển, mang lại một không gian mát dịu cho kỳ nghỉ ngơi, tĩnh dưỡng, tận hưởng hương vị của biển.

Không gian gần gũi thiên nhiên dành cho các gia đình, nhóm gia đình, nhóm bạn, doanh nghiệp với sức chứa tối đa 35 người. Bạn có thể book phòng lẻ hoặc book cả khu để hoàn toàn tận hưởng sự riêng tư với 9 phòng ngủ.

Làng Biển Homestay có sân vườn xanh mát cỏ tự nhiên và các loại hoa quả xanh tươi. Bãi đậu xe miễn phí, dịch vụ tiêu chuẩn khách sạn, dịch vụ ăn uống theo yêu cầu (bếp ăn của bác hàng xóm, dịch vụ đặt xe đưa đón sân bay. Tư vấn các hoạt động vui chơi trên bãi biển (team building, lửa trại ...). Ngoài ra Làng Biển Homestay sẵn sàng cung cấp các thông tin liên quan đến lịch trình, các dịch vụ khi bạn muốn tham quan đảo Lý Sơn.
",0.0,"[{'url': 'https://res.cloudinary.com/dzy4gcw1k/image/upload/v1735749689/travel-social/file-1735749659761-LangbienHomestay01.jpg.jpg', 'publicId': 'travel-social/file-1735749659761-LangbienHomestay01.jpg', '_id': ObjectId('6775701f903ddd27c7719027')}]","Làng Biển Homestay, ngôi nhà nhỏ nằm sát bãi tắm Mỹ Khê, TP Quảng ngãi - một không gian hoà quyện thiên nhiên dành cho du khách yêu thích khám phá vẻ đẹp tự nhiên.

Gẫn bãi biển Mỹ Khê là những xóm chài yên bình khép mình bên mặt biển mênh mông, lác đác tàu thuyền neo đậu. Trên bờ là những chiếc thuyền câu, thuyền thúng đơn sơ nằm phơi mình trong nắng gió, như phác hoạ thêm nét chấm phá bình dị trên triền cát trắng.

Hoà mình với không gian thiên nhiên ấy, Làng Biển Homestay với những mái lá dừa nước đặc trưng của vùng biển, mang lại một không gian mát dịu cho kỳ nghỉ ngơi, tĩnh dưỡng, tận hưởng hương vị của biển.

Không gian gần gũi thiên nhiên dành cho các gia đình, nhóm gia đình, nhóm bạn, doanh nghiệp với sức chứa tối đa 35 người. Bạn có thể book phòng lẻ hoặc book cả khu để hoàn toàn tận hưởng sự riêng tư với 9 phòng ngủ.

Làng Biển Homestay có sân vườn xanh mát cỏ tự nhiên và các loại hoa quả xanh tươi. Bãi đậu xe miễn phí, dịch vụ tiêu chuẩn khách sạn, dịch vụ ăn uống theo yêu cầu (bếp ăn của bác hàng xóm, dịch vụ đặt xe đưa đón sân bay. Tư vấn các hoạt động vui chơi trên bãi biển (team building, lửa trại ...). Ngoài ra Làng Biển Homestay sẵn sàng cung cấp các thông tin liên quan đến lịch trình, các dịch vụ khi bạn muốn tham quan đảo Lý Sơn.","{'id': 'homestay', 'cateName': 'Homestay'}",2025-01-01 16:41:03.684000,lang-bien-homestay-lang-bien-homestay-ngoi-nha-nho-nam-sat-bai-tam-my-khe-tp-quang-ngai---mot-khong-gian-hoa-quyen-thien-nhien-danh-cho-du-khach-yeu-thich-kham-pha-ve-ep-tu-nhien-gan-bai-bien-my-khe-la-nhung-xom-chai-yen-binh-khep-minh-ben-mat-bien-menh-mong-lac-ac-tau-thuyen-neo-au-tren-bo-la-nhung-chiec-thuyen-cau-thuyen-thung-on-so-nam-phoi-minh-trong-nang-gio-nhu-phac-hoa-them-net-cham-pha-binh-di-tren-trien-cat-trang-hoa-minh-voi-khong-gian-thien-nhien-ay-lang-bien-homestay-voi-nhung-mai-la-dua-nuoc-ac-trung-cua-vung-bien-mang-lai-mot-khong-gian-mat-diu-cho-ky-nghi-ngoi-tinh-duong-tan-huong-huong-vi-cua-bien-khong-gian-gan-gui-thien-nhien-danh-cho-cac-gia-inh-nhom-gia-inh-nhom-ban-doanh-nghiep-voi-suc-chua-toi-a-35-nguoi-ban-co-the-book-phong-le-hoac-book-ca-khu-e-hoan-toan-tan-huong-su-rieng-tu-voi-9-phong-ngu-lang-bien-homestay-co-san-vuon-xanh-mat-co-tu-nhien-va-cac-loai-hoa-qua-xanh-tuoi-bai-au-xe-mien-phi-dich-vu-tieu-chuan-khach-san-dich-vu-an-uong-theo-yeu-cau-bep-an-cua-bac-hang-xom-dich-vu-at-xe-ua-on-san-bay-tu-van-cac-hoat-ong-vui-choi-tren-bai-bien-team-building-lua-trai--ngoai-ra-lang-bien-homestay-san-sang-cung-cap-cac-thong-tin-lien-quan-en-lich-trinh-cac-dich-vu-khi-ban-muon-tham-quan-ao-ly-son,0.0,active,,,,,0.0,,6775701f903ddd27c7719026
677570d6903ddd27c771902a,671a02c2c0202050e0969548,Tròn Home Homestay,"Tọa lạc tại thành phố Quảng Ngãi, Tròn Home có quầy bar, vườn và sân hiên. Trong số các tiện nghi của chỗ nghỉ này còn có nhà hàng, lễ tân 24 giờ, dịch vụ phòng và WiFi miễn phí trong toàn bộ khuôn viên. Chỗ nghỉ cung cấp chỗ đỗ xe riêng miễn phí và dịch vụ đưa đón sân bay với một khoản phụ phí.

Được xây dựng từ năm 2020, Tròn luôn mong muốn mang đến cho bạn chất lượng dịch vụ tốt nhất với mức chi phí phù hợp. Tròn Home kết hợp giữa không gian Cafe yên tĩnh và hệ thống phòng nghỉ với những trang bị tiêu chuẩn cao cấp.

Tròn tọa lạc ngay bên bờ sông Trà Khúc. Vì vậy bạn chỉ mất vài phút đi bộ, là có thể đến chợ đêm. Hoặc dạo bước trên cây cầu Thạch Bích thơ mộng. Tròn chúc bạn sẽ có những ngày nghỉ, hoặc ngày làm việc tuyệt vời khi lựa chọn chúng tôi là địa điểm lưu trú của bạn tại Tp.Quảng Ngãi.

Mỗi phòng nghỉ tại Tròn Home đều được trang bị tủ để quần áo, bàn làm việc, TV màn hình phẳng và phòng tắm riêng.

Sân bay gần nhất là sân bay quốc tế Chu Lai, cách chỗ nghỉ 31 km.",0.0,"[{'url': 'https://res.cloudinary.com/dzy4gcw1k/image/upload/v1735749872/travel-social/file-1735749842401-LangbienHomestay01.jpg.jpg', 'publicId': 'travel-social/file-1735749842401-LangbienHomestay01.jpg', '_id': ObjectId('677570d6903ddd27c771902b')}]","340 Tế Hanh, Khu dân cư Soi Đông Dương, Phường Lê Hồng Phong, Thành phố Quảng Ngãi, Quảng Ngãi","{'id': 'homestay', 'cateName': 'Homestay'}",2025-01-01 16:44:06.427000,tron-home-homestay-340-te-hanh-khu-dan-cu-soi-ong-duong-phuong-le-hong-phong-thanh-pho-quang-ngai-quang-ngai,0.0,active,,,,,0.0,,677570d6903ddd27c771902a
677d03b0ab37c21870870094,6729d0e8dda9481629a2a2e9,Tròn Home Homestay 2 ,"Tọa lạc tại thành phố Quảng Ngãi, Tròn Home có quầy bar, vườn và sân hiên. Trong số các tiện nghi của chỗ nghỉ này còn có nhà hàng, lễ tân 24 giờ, dịch vụ phòng và WiFi miễn phí trong toàn bộ khuôn viên. Chỗ nghỉ cung cấp chỗ đỗ xe riêng miễn phí và dịch vụ đưa đón sân bay với một khoản phụ phí.

Được xây dựng từ năm 2020, Tròn luôn mong muốn mang đến cho bạn chất lượng dịch vụ tốt nhất với mức chi phí phù hợp. Tròn Home kết hợp giữa không gian Cafe yên tĩnh và hệ thống phòng nghỉ với những trang bị tiêu chuẩn cao cấp.

Tròn tọa lạc ngay bên bờ sông Trà Khúc. Vì vậy bạn chỉ mất vài phút đi bộ, là có thể đến chợ đêm. Hoặc dạo bước trên cây cầu Thạch Bích thơ mộng. Tròn chúc bạn sẽ có những ngày nghỉ, hoặc ngày làm việc tuyệt vời khi lựa chọn chúng tôi là địa điểm lưu trú của bạn tại Tp.Quảng Ngãi.

Mỗi phòng nghỉ tại Tròn Home đều được trang bị tủ để quần áo, bàn làm việc, TV màn hình phẳng và phòng tắm riêng.

Sân bay gần nhất là sân bay quốc tế Chu Lai, cách chỗ nghỉ 31 km.",0.0,"[{'url': 'https://res.cloudinary.com/dzy4gcw1k/image/upload/v1736246221/travel-social/file-1736246189253-LangbienHomestay01.jpg.jpg', 'publicId': 'travel-social/file-1736246189253-LangbienHomestay01.jpg', '_id': ObjectId('677d03b0ab37c21870870095')}]","340 Tế Hanh, Khu dân cư Soi Đông Dương, Phường Lê Hồng Phong, Thành phố Quảng Ngãi, Quảng Ngãi","{'id': 'homestay', 'cateName': 'Homestay'}",2025-01-07 10:36:32.944000,tron-home-homestay-2--340-te-hanh-khu-dan-cu-soi-ong-duong-phuong-le-hong-phong-thanh-pho-quang-ngai-quang-ngai,0.0,active,,,,,0.0,,677d03b0ab37c21870870094
677d0470689999707a02f806,6729d0e8dda9481629a2a2e9,Tròn Home Homestay 3,"Tọa lạc tại thành phố Quảng Ngãi, Tròn Home có quầy bar, vườn và sân hiên. Trong số các tiện nghi của chỗ nghỉ này còn có nhà hàng, lễ tân 24 giờ, dịch vụ phòng và WiFi miễn phí trong toàn bộ khuôn viên. Chỗ nghỉ cung cấp chỗ đỗ xe riêng miễn phí và dịch vụ đưa đón sân bay với một khoản phụ phí.

Được xây dựng từ năm 2020, Tròn luôn mong muốn mang đến cho bạn chất lượng dịch vụ tốt nhất với mức chi phí phù hợp. Tròn Home kết hợp giữa không gian Cafe yên tĩnh và hệ thống phòng nghỉ với những trang bị tiêu chuẩn cao cấp.

Tròn tọa lạc ngay bên bờ sông Trà Khúc. Vì vậy bạn chỉ mất vài phút đi bộ, là có thể đến chợ đêm. Hoặc dạo bước trên cây cầu Thạch Bích thơ mộng. Tròn chúc bạn sẽ có những ngày nghỉ, hoặc ngày làm việc tuyệt vời khi lựa chọn chúng tôi là địa điểm lưu trú của bạn tại Tp.Quảng Ngãi.

Mỗi phòng nghỉ tại Tròn Home đều được trang bị tủ để quần áo, bàn làm việc, TV màn hình phẳng và phòng tắm riêng.

Sân bay gần nhất là sân bay quốc tế Chu Lai, cách chỗ nghỉ 31 km.",0.0,"[{'url': 'https://res.cloudinary.com/dzy4gcw1k/image/upload/v1736246412/travel-social/file-1736246380577-LangbienHomestay01.jpg.jpg', 'publicId': 'travel-social/file-1736246380577-LangbienHomestay01.jpg', '_id': ObjectId('677d0470689999707a02f807')}]","340 Tế Hanh, Khu dân cư Soi Đông Dương, Phường Lê Hồng Phong, Thành phố Quảng Ngãi, Quảng Ngãi","{'id': 'homestay', 'cateName': 'Homestay'}",2025-01-07 10:39:44.461000,tron-home-homestay-3-340-te-hanh-khu-dan-cu-soi-ong-duong-phuong-le-hong-phong-thanh-pho-quang-ngai-quang-ngai,,rejected,,,,,0.0,,677d0470689999707a02f806
677e154fdd9b22fc3e6be0e4,6729d0e8dda9481629a2a2e9,Tròn Home Homestay 4 ,"Tọa lạc tại thành phố Quảng Ngãi, Tròn Home có quầy bar, vườn và sân hiên. Trong số các tiện nghi của chỗ nghỉ này còn có nhà hàng, lễ tân 24 giờ, dịch vụ phòng và WiFi miễn phí trong toàn bộ khuôn viên. Chỗ nghỉ cung cấp chỗ đỗ xe riêng miễn phí và dịch vụ đưa đón sân bay với một khoản phụ phí.

Được xây dựng từ năm 2020, Tròn luôn mong muốn mang đến cho bạn chất lượng dịch vụ tốt nhất với mức chi phí phù hợp. Tròn Home kết hợp giữa không gian Cafe yên tĩnh và hệ thống phòng nghỉ với những trang bị tiêu chuẩn cao cấp.

Tròn tọa lạc ngay bên bờ sông Trà Khúc. Vì vậy bạn chỉ mất vài phút đi bộ, là có thể đến chợ đêm. Hoặc dạo bước trên cây cầu Thạch Bích thơ mộng. Tròn chúc bạn sẽ có những ngày nghỉ, hoặc ngày làm việc tuyệt vời khi lựa chọn chúng tôi là địa điểm lưu trú của bạn tại Tp.Quảng Ngãi.

Mỗi phòng nghỉ tại Tròn Home đều được trang bị tủ để quần áo, bàn làm việc, TV màn hình phẳng và phòng tắm riêng.

Sân bay gần nhất là sân bay quốc tế Chu Lai, cách chỗ nghỉ 31 km.",0.0,"[{'url': 'https://res.cloudinary.com/dzy4gcw1k/image/upload/v1736316267/travel-social/file-1736316235608-LangbienHomestay01.jpg.jpg', 'publicId': 'travel-social/file-1736316235608-LangbienHomestay01.jpg', '_id': ObjectId('677e154fdd9b22fc3e6be0e5')}]","340 Tế Hanh, Khu dân cư Soi Đông Dương, Phường Lê Hồng Phong, Thành phố Quảng Ngãi, Quảng Ngãi","{'id': 'homestay', 'cateName': 'Homestay'}",2025-01-08 06:03:59.895000,tron-home-homestay-4--340-te-hanh-khu-dan-cu-soi-ong-duong-phuong-le-hong-phong-thanh-pho-quang-ngai-quang-ngai,0.0,inactive,,,,,0.0,,677e154fdd9b22fc3e6be0e4
680874aeb9bfae18c00fdffc,,,,,,,,,,,,,,,,,,680874aeb9bfae18c00fdffc
68087367b9bfae18c00fdff2,,,,,,,,,,,,,,,,,,68087367b9bfae18c00fdff2
68087544b9bfae18c00fe000,,,,,,,,,,,,,,,,,,68087544b9bfae18c00fe000
6808756eb9bfae18c00fe002,6704df9d3d81e2f463846c27,Quán Cafe Sáng Tạo,"Quán cafe với không gian sáng tạo, lý tưởng cho làm việc và gặp gỡ bạn bè.",3.7,"[{'url': 'https://res.cloudinary.com/dzy4gcw1k/image/upload/v1735585136/travel-social/file-1735585106495-pew-nguyen-3sXuWhKZVeg-unsplash.jpg.jpg', 'publicId': 'travel-social/file-1735585106495-pew-nguyen-3sXuWhKZVeg-unsplash.jpg'}]","789 Đường Lê Văn Sỹ, Hà Nội","{'id': 'hotel', 'name': 'Khách sạn'}",2024-10-08T10:00:00,quan-cafe-sang-tao-789-uong-le-van-sy-ha-noi,11.0,active,,,0.0,,,,6808756eb9bfae18c00fe002
